"title","console"
"As Far As The Eye","PC"
"The Witcher 2: Assassins of Kings Enhanced Edition","PC"
"Rad Rodgers","PC"
"Realms of Arkania 3","PC"
"Gorky 17(Odium)","PC"
"Darq Complete Edition","PC"
"CreaVures","PC"
"Rising Hell","PC"
"Narcosis","PC"
"A Year of Rain","PC"
"Blazing Sails","PC"
"One Piece Pirate Warriors 3","PC"
"Samurai Warriros 4-II","PC"
"Yakuza 6: The Song of Life","PC"
"Army Men: Toys In Space","PC"
"Avernum 6","PC"
"Bottle Pilgrim: Redux","PC"
"Quiver Dick's Terrible Tale For Terrible Parents To Read To Their Equally Terrible Children","PC"
"Shadows Awakening","PC"
"The Fall","PC"
"Murder by Numbers","PC"
"The Forest","PC"
"Ultima IV: Quest of the Avatar","PC"
"BeamNG.drive","PC"
"BLACKHOLE","PC"
"Flight of the Amazon Queen","PC"
"PLANET ALPHA","PC"
"Euro Truck Simulator","PC"
"The Little Acre","PC"
"The Complex: Found Footage","PC"
"THE KING OF FIGHTERS 2002 UNLIMITED MATCH","PC"
"Dungeon Rats","PC"
"Mordhau","PC"
"Crashlands","PC"
"Tex Murphy: Overseer","PC"
"Atelier Lulua: The Scion of Arland","PC"
"The Legend of Heroes: Trails of Cold Steel II","PC"
"Road Redemption","PC"
"Path to Mnemosyne","PC"
"Bulb Boy","PC"
"Tex Murphy: Under a Killing Moon","PC"
"Mount & Blade II: Bannerlord","PC"
"Dungeon Souls","PC"
"Eternal Threads","PC"
"Anvil of Dawn","PC"
"Alien Breed 3: Descent","PC"
"Carto","PC"
"Hatred","PC"
"Bully: Scholarship Edition","PC"
"Retromania Wrestling","PC"
"The Outer Worlds: Spacer's Choice Edition","PC"
"Gedonia","PC"
"Chrono Trigger","PC"
"Return of the Incredible Machines Contraptions","PC"
"MotoGP™18","PC"
"Painkiller: Overdose","PC"
"Infinite Air with Mark McMorris","PC"
"Renowned Explorers: International Society","PC"
"Just Cause 2","PC"
"Tales of Monkey Island: Chapter 4- The Trial and Execution of Guybrush Threepwood","PC"
"Tex Murphy: Martian Mayhem","PC"
"Lucius","PC"
"AtmaSphere","PC"
"STAR WARS™ Jedi Knight: Mysteries of the Sith","PC"
"The Age of Decadence","PC"
"Beyond Divinity","PC"
"Far Cry New Dawn","PC"
"Saturnalia","PC"
"The Dark Eye: Demonicon","PC"
"Tales of Monkey Island: Chapter 1- Launch of the Screaming Narwhal","PC"
"Far Cry 6","PC"
"Discworld Noir","PC"
"Max Payne 2","PC"
"Headlander","PC"
"Shiness: The Lightning Kingdom","PC"
"Halo Wars","PC"
"Avadon: The Black Fortress","PC"
"Tales of Arise","PC"
"Dead Island: Riptide Definitive Edition","PC"
"Destroy All Humans","PC"
"Alone in the Dark 1","PC"
"F.E.A.R. 3","PC"
"Wizard's Crown","PC"
"Legacy of Kain: Defiance","PC"
"Ascendant","PC"
"Mega Man 11","PC"
"Rain World","PC"
"Oddworld: Soulstorm","PC"
"Megarace","PC"
"Resistance Element","PC"
"Eternam","PC"
"Black Mirror 3: The Final Fear","PC"
"Trip to Vinelands","PC"
"Dead Space 2","PC"
"The Catch: Carp and Coarse Fihing","PC"
"Kao the Kangaroo","PC"
"Railway Empire","PC"
"Planet Zoo","PC"
"Relicta","PC"
"The Lost Files of Sherlock Holmes","PC"
"Moonwave Overdrive","PC"
"Devil May Cry","PC"
"Ys Origin","PC"
"MONSTER HUNTER: WORLD","PC"
"Machinarium","PC"
"Escape Goat 2","PC"
"Beasts of Maravilla Island","PC"
"Sang-Froid: Tales of Werewolves","PC"
"Dragon Ball Z: Kakarot","PC"
"Agarest: Generations of War 2 (Record of Agarest War: Generations 2)","PC"
"Cook, Serve, Delicious! 2!!","PC"
"Total War: Warhammer","PC"
"Observer","PC"
"GIBZ","PC"
"Atelier Rorona: The Alchemist of Arland DX","PC"
"Outcast - Second Contact","PC"
"The Elder Scrolls III: Morrowind","PC"
"SONIC THE HEDGEHOG 4 Episode I","PC"
"Realms of Arkania: Blade of Destiny Remastered","PC"
"Myst IV: Revelation","PC"
"Burnout Paradise Remastered","PC"
"Leisure Suit Larry 6 - Shape Up Or Slip Out","PC"
"Battlefield 4","PC"
"Quest for Glory 2: Trial by Fire","PC"
"Dungeon Keeper 2","PC"
"STAR WARS™ Knights of the Old Republic™ II: The Sith Lords™","PC"
"Nanotale: Typing Chronicles","PC"
"House of Caravan","PC"
"The End of Labyronia: Nerubis","PC"
"Tunche","PC"
"Far Cry","PC"
"Golazo! Soccer League","PC"
"Warsaw","PC"
"Zak McKraken and the Alien Mindbenders","PC"
"World War Z","PC"
"Neptunia Virtual Stars","PC"
"Total War: Medieval II","PC"
"STAR WARS™ Battlefront II (Classic)","PC"
"God of War","PC"
"DOOM 64","PC"
"The Test: Hypothesis Rising","PC"
"NeuroVoider","PC"
"Earthworms","PC"
"Unmemory","PC"
"Wrongworld","PC"
"Lifeless Planet: Premier Edition","PC"
"Dungeon Lords","PC"
"Portal Dogs","PC"
"Avadon 3: The Warborn","PC"
"Frederic: Evil Strikes Back","PC"
"Surviving the Aftermath","PC"
"RIOT: Civil Unrest","PC"
"Shaq Fu 2: A Legend Reborn","PC"
"Beholder 2","PC"
"Valkyria Chronicles 4","PC"
"Naruto To Boruto: Shinobi Striker","PC"
"Knight Bewitched","PC"
"FINAL FANTASY XIII","PC"
"Tharsis","PC"
"Red Wings: Aces of the Sky","PC"
"Mortal Kombat 4","PC"
"Leisure Suit Larry 2 - Looking For Love (In Several Wrong Places)","PC"
"Octopath Traveler","PC"
"Salt","PC"
"Gex: Enter the Gecko","PC"
"Mages of Mystralia","PC"
"A Normal Lost Phone","PC"
"Styx: Shadow of Darkness","PC"
"Kingdom: Classic","PC"
"Fallout 4","PC"
"LEGO® Harry Potter: Years 5-7","PC"
"Ironclad","PC"
"Heroes Chronicles Chapter 7: Revolt of the Beastmasters","PC"
"Digimon Story: Cyber Sleuth Complete","PC"
"Commandos: Behind Enemy Lines","PC"
"Insurgency","PC"
"Deponia","PC"
"Fallout","PC"
"Pathologic HD","PC"
"Circuit Breakers","PC"
"Creatures Exodus","PC"
"ANKI","PC"
"See No Evil","PC"
"Kid A Mnesia Exhibition","PC"
"Monster Rancher 1","PC"
"Port of Call","PC"
"The Settlers II: 10th Anniversary Edition","PC"
"Learn Japanese To Survive! Kanji Combat","PC"
"Just Cause 4","PC"
"Winged Sakura: Mindy's Arc","PC"
"Disgaea 2 PC","PC"
"Piczle Cross Adventure","PC"
"Lunar Flight","PC"
"Railroad Pioneer","PC"
"Out There Somewhere","PC"
"Metal Gear","PC"
"Dark Messiah of Might and Magic","PC"
"Defense Grid: The Awakening","PC"
"King's Bounty: Crossworlds","PC"
"Warriors Orochi 4","PC"
"Mighty Fight Federation","PC"
"GUN","PC"
"Anna's Quest","PC"
"In Sound Mind","PC"
"Neverwinter Nights: Enhanced Edition","PC"
"Atlantis: Evolution","PC"
"Fractured Minds","PC"
"Valnir Rok","PC"
"Creepy Tale","PC"
"Haegemonia: The Solon Heritage","PC"
"Bulletstorm: Full Clip Edition","PC"
"Battle Chasers: Nightwar","PC"
"Record of Lodoss War: Deedlit in Wonder Labyrinth","PC"
"Syndicate Plus","PC"
"Project Highrise","PC"
"NieR Automata","PC"
"Police Quest I: Pursuit of the Death Angel","PC"
"The Captain","PC"
"Ankh: Anniversary Edition","PC"
"Crash Drive 3","PC"
"The Hex","PC"
"Yakuza 3 Remastered","PC"
"Syberia: The World Before","PC"
"Tomb Raider III: Adventures of Lara Croft","PC"
"Mass Effect 3","PC"
"Trials Rising","PC"
"Heroes of Might and Magic V: Hammers of Fate","PC"
"Lands of Lore 2: Guardians of Destiny","PC"
"The Sparkle 2: Evo","PC"
"NBA 2K21","PC"
"This War of Mine: Final Cut","PC"
"Skyborn","PC"
"ABZU","PC"
"Viscera Cleanup Detail","PC"
"Freight Tycoon Inc","PC"
"Hyperdevotion Noire: Goddess Black Heart","PC"
"Football Manager 2020","PC"
"The Witcher 3: Wild Hunt","PC"
"Demon Stone","PC"
"Ultima Underworld II: Labyrinth of Worlds","PC"
"KnightShift","PC"
"Sentience: The Android's Tale","PC"
"Furi","PC"
"Pathologic 2","PC"
"Crusader Kings II","PC"
"The Settlers IV: Gold Edition","PC"
"Chaos on Deponia","PC"
"The Escapists","PC"
"Dead Synchronicity: Tomorrow Comes Today","PC"
"Garou: Mark of the Wolves","PC"
"Zombie Bowl-O-Rama","PC"
"Crash Bandicoot","PC"
"King's Quest III: To Heir is Human","PC"
"An Elder Scrolls Legend: BATTLESPIRE","PC"
"Blades of Avernum","PC"
"Marsupilami: Hoobadventure","PC"
"UBERMOSH:BLACK","PC"
"Alien: Isolation","PC"
"Diablo IV","PC"
"Enclave","PC"
"Lords of the Realm II","PC"
"Overcooked! 2","PC"
"Heroes of Hammerwatch","PC"
"HuniePop","PC"
"Stacking","PC"
"Wolfenstein 3-D","PC"
"Downwell","PC"
"The 7th Circle: Endless Nightmare","PC"
"Deep Eclipse","PC"
"Warcraft: Orcs and Humans","PC"
"Youropa","PC"
"Oddworld: New and Tasty","PC"
"Worlds of Ultima: The Savage Empire","PC"
"Sword Art Online: Hollow Realization","PC"
"Dragon Quest Heroes 2","PC"
"Little Misfortune: Fancy Edition","PC"
"Acid Nimbus","PC"
"WWE 2K22","PC"
"Ascension to the Throne","PC"
"Dungeon Hack","PC"
"Halo Zero","PC"
"Obduction","PC"
"Valthirian Arc: Hero School Story 2","PC"
"Rogue Wizards","PC"
"The Lords of Midnight","PC"
"Beneath a Steel Sky","PC"
"Vane","PC"
"Yakuza 4 Remastered","PC"
"The Legend of Heroes: Trails From Zero","PC"
"Way of the Samurai 3","PC"
"The Franz Kafka Video Game","PC"
"Broken Age","PC"
"Tesla vs. Lovecraft","PC"
"The Black Mirror","PC"
"Meadow","PC"
"Flower","PC"
"Soulstice","PC"
"UNDER NIGHT IN-BIRTH Exe:Late","PC"
"F.E.A.R.","PC"
"Dodo Peak","PC"
"Broken Sword: The Shadow of the Templars","PC"
"Space Quest V: Roger Wilco- The Next Mutation","PC"
"Dark Sun: Shattered Lands","PC"
"Penumbra: Overture","PC"
"Amnesia: Rebirth","PC"
"Truberbrook: A Nerd Saves the World","PC"
"Original Journey","PC"
"Odyssey - The Invention of Science","PC"
"Carcassonne","PC"
"Jurassic Park: Operation Genesis","PC"
"Agarest: Generations of War (Record of Agarest War: Generations)","PC"
"Faraway","PC"
"#killallzombies","PC"
"CuberPunk 2089","PC"
"Wargroove","PC"
"Commander Keen: Invasion of the Vorticons: Episode 2: The Earth Explodes","PC"
"The Silent Age","PC"
"Her Story","PC"
"Torment: Tides of Numenera","PC"
"Heroes of Might and Magic","PC"
"Portal Stories: Mel","PC"
"Total War: SHOGUN 2","PC"
"Little Dragons Cafe","PC"
"Maneater","PC"
"Total War: Rome II","PC"
"PAC-MAN 256","PC"
"Unlimited Adventures","PC"
"Empire of Angels IV","PC"
"Leisure Suit Larry - Magna Cum Laude Uncut and Uncensored","PC"
"FINAL FANTASY X/X-2 HD Remaster","PC"
"Stubbs the Zombie: Rebel Without a Pulse","PC"
"Homeworld Remastered Collection","PC"
"Spelunx and the Caves of Mr. Seudo","PC"
"Wasteland 3","PC"
"Disgaea 5","PC"
"Broken Sword 2: The Smoking Mirror","PC"
"Leisure Suit Larry: Wet Dreams Don't Dry","PC"
"Heroes Chronicles Chapter 1: Warlods of the Wasteland","PC"
"Submerged: Hidden Depths","PC"
"Barony","PC"
"20XX","PC"
"Wayout","PC"
"URU: Complete Chronicles","PC"
"Warcraft 3: Reign of Chaos","PC"
"Thief 2: The Metal Age","PC"
"Might and Magic VI: The Mandate of Heaven","PC"
"Tales","PC"
"BioShock 2","PC"
"Golden Light","PC"
"Prehistorik","PC"
"Poi","PC"
"Avernum 2: Crystal Souls","PC"
"Divinity: Original Sin II","PC"
"Jagged Alliance: Deadly Games","PC"
"Realms of Arkania: Star Trail Remake","PC"
"Need for Speed: Rivals","PC"
"Danganronpa: Trigger Happy Havoc","PC"
"Turmoil","PC"
"Monkey Island 2 Special Edition: LeChuck's Revenge","PC"
"Forsaken Remastered","PC"
"Punch Club","PC"
"Turtle Odyssey","PC"
"Atlantis 2: Beyond Atlantis","PC"
"Ken Follett's The Pillars of Earth","PC"
"Mass Effect Andromeda","PC"
"Indie Mixtape","PC"
"Secret Files 2: Puritas Cordis","PC"
"Labyronia RPG 2","PC"
"Darkwood","PC"
"Dragon Fantasy: The Volumes of Westeria","PC"
"Sundered: Eldritch Edition","PC"
"Arcana Heart 3 LOVE MAX!!!!!","PC"
"XCOM 2","PC"
"Nethergate: Resurrection","PC"
"Cursed to Golf","PC"
"Romancing SaGa 3","PC"
"Of Orcs and Men","PC"
"Fairy Tale About Father Frost, Ivan and Nastya","PC"
"Avadon 2: The Corruption","PC"
"Deus Ex: Invisible War","PC"
"Hob","PC"
"Men of War","PC"
"Jade Empire: Special Edition","PC"
"Dying Light: Enhanced Edition","PC"
"Edna & Harvey: The Breakout","PC"
"Automachef","PC"
"The Long Dark","PC"
"Baldur's Gate: Enhanced Edition","PC"
"Post Mortem","PC"
"God's Trigger","PC"
"Take On Mars","PC"
"King's Quest II: Romancing the Throne","PC"
"Lost Horizon","PC"
"Ghost of a Tale","PC"
"Spore","PC"
"Legends of Amberland: The Forgotten Crown","PC"
"Dungeon Rushers","PC"
"Just Cause 3","PC"
"Far Cry 5","PC"
"UBERMOSH:WRAITH","PC"
"Kunai","PC"
"Syberia 3","PC"
"Deadlight","PC"
"Tiny Tina's Assault on Dragons Keep","PC"
"The King of Fighters XIII","PC"
"The Elder Scrolls Adventures: Redguard","PC"
"Riverbond","PC"
"Kena: Bridge of Spirits","PC"
"Wulverblade","PC"
"Quake III","PC"
"Pro Cycling Manager 2019","PC"
"Borderlands 3","PC"
"Hyperdimension Neptunia Re;Birth3 V Generation","PC"
"PGA Tour 2K21","PC"
"Conception 2: Children of the Seven Stars","PC"
"Police Quest II: The Vengeance of Bains","PC"
"Blake Stone: Planet Strike","PC"
"Prince of Persia: The Two Thrones","PC"
"STAR WARS™ Battlefront II","PC"
"Kingdom Wars 2: Definitive Edition","PC"
"Mega Man X: Legacy Collection","PC"
"Betrayal in Antara","PC"
"Ryse: Son of Rome","PC"
"Charlie II","PC"
"Fae Tactics: The Girl Who Destroyed the World","PC"
"Sword Art Online: Lost Song","PC"
"Grand Theft Auto 3","PC"
"Airport Madness: World Edition","PC"
"Furious Angels","PC"
"Ravenloft: Stone Prophet","PC"
"Atelier Firis: The Alchemist and the Mysterious Journey","PC"
"Atelier Shallie: Alchemists of the Dusk Sea DX","PC"
"Deus Ex: Game of the Year Edition","PC"
"Serial Cleaner","PC"
"Farming Simulator 19","PC"
"Alchemy Garden","PC"
"Decay: The Mare","PC"
"Spyro 2: Ripto's Rage","PC"
"Breath of Fire IV","PC"
"Crypt of the Necrodancer","PC"
"Californium","PC"
"Puzzle Agent","PC"
"Two Worlds: Epic Edition","PC"
"Space Quest III: The Pirates of Pestulon","PC"
"Always Sometimes Monsters","PC"
"Warrior Kings","PC"
"Sonic Adventure DX","PC"
"Theme Park","PC"
"Void Bastards","PC"
"Fran Bow","PC"
"Cultist Simulator","PC"
"Toonstruck","PC"
"Stardew Valley","PC"
"Joggernauts","PC"
"Heroes of Annihilated Empires","PC"
"Return to Mysterious Island","PC"
"Albion","PC"
"Beat Cop","PC"
"art of rally","PC"
"SaGa Scarlet Grace","PC"
"Patrician IV: Conquest by Trade","PC"
"Kombinera","PC"
"Rhapsody: A Musical Adventure","PC"
"Wolfenstein II: The New Colossus","PC"
"Mortal Kombat 11","PC"
"Call of Cthulhu","PC"
"TimeShift","PC"
"Cayne","PC"
"Shadow of the Tomb Raider","PC"
"Wallace and Gromit: Ep. 2 - The Last Resort","PC"
"Geneforge V: Overthrow","PC"
"Titan Souls","PC"
"The Flame in the Flood","PC"
"Silver Chains","PC"
"Sudden Strike 2 Gold","PC"
"Dracula 4: Shadow of the Dragon","PC"
"Next Up Hero","PC"
"Need for Speed: Unbound","PC"
"Tex Murphy: The Pandora Directive","PC"
"Samurai Shodown V Special","PC"
"Sonic CD","PC"
"35MM","PC"
"Pesterquest","PC"
"The World Next Door","PC"
"Lawn Mowing Simulator","PC"
"Freedom Force","PC"
"Symphonia","PC"
"Crossing Souls","PC"
"Death Knights of Krynn","PC"
"Camper Jumper Simulator","PC"
"WayOut 2: Hex","PC"
"Gang Beasts","PC"
"Amnesia: The Dark Decent","PC"
"Paranoia: Happiness is Mandatory","PC"
"Pools of Darkness","PC"
"Hot Wheels Unleashed","PC"
"Wick","PC"
"Blood Bowl 2","PC"
"The Spiral Scouts","PC"
"Project Warlock","PC"
"Legacy of Kain: Soul Reaver","PC"
"Candle: The Power of Flame","PC"
"Bugsnax","PC"
"Majesty 2","PC"
"Enter the Gungeon","PC"
"Little Town Hero","PC"
"Fairy Lands: Rinka and the Fairy Gems","PC"
"Ultima 8 Gold Edition","PC"
"Dragon Quest Builders 2","PC"
"The King of Fighters '98 Ultimate Match","PC"
"Amnesia: A Machine for Pigs","PC"
"Grand Theft Auto: Vice City","PC"
"Hacknet","PC"
"Victor Vran: Overkill Edition","PC"
"The Incredible Adventures of Van Helsing II: Complete","PC"
"Where in the USA is Carmen Sandiego","PC"
"Lands of Lore: The Throne of Chaos","PC"
"Commandos 2: Men of Courage","PC"
"Alone in the Dark 3","PC"
"Exiled Kingdoms","PC"
"Entropy: Zero","PC"
"RollerCoaster Tycoon","PC"
"Wizardry 6: Bane of the Cosmic Forge","PC"
"Tower of Time","PC"
"Samurai Warriors: Spirit of Sanada","PC"
"Battlefield 5","PC"
"The Mystery of the Druids","PC"
"Smoke and Sacrifice","PC"
"Coromon","PC"
"Severed Steel","PC"
"Shadowrun Returns","PC"
"Oddworld: Abe's Exoddus","PC"
"Among the Sleep","PC"
"Arx Fatalis","PC"
"Shadwen","PC"
"Sorcery! Part 3","PC"
"Do Not Feed the Monkeys","PC"
"Puzzle Agent 2","PC"
"Prehistorik 2","PC"
"Blood 2: The Blood Group","PC"
"Without Within 3","PC"
"Project CARS 2","PC"
"Wing Commander: Privateer","PC"
"Sins Of The Demon RPG","PC"
"House of 1000 Doors: Family Secrets","PC"
"Cornerstone: The Song of Tyrim","PC"
"Handy Harry's Haunted House Services","PC"
"Devil's Hunt","PC"
"Sinking Island","PC"
"Rune Classic","PC"
"Broforce","PC"
"Croc: Legend of the Gobbos","PC"
"Elven Legacy","PC"
"Ultima VI: The Flase Prophet","PC"
"Atelier Ryza: Ever Darkness & the Secret Hideout","PC"
"Heroes Chronicles Chapter 8: The Sword of Frost","PC"
"Pathfinder: Kingmaker","PC"
"King's Bounty: Dark Side","PC"
"The Room","PC"
"The Legend of Heroes: Trails of Cold Steel III","PC"
"Heroes of Might and Magic V: Tribes of the East","PC"
"Baseball Stars 2","PC"
"Ys VIII: Lacrimosa of Dana","PC"
"JUMP FORCE","PC"
"The Darkness II","PC"
"Crowntakers","PC"
"Grim Fandango Remastered","PC"
"Fishing Sim World Pro Tour","PC"
"Call of Cthulhu: Dark Corners of the Earth","PC"
"Batman: Arkham City GOTY","PC"
"Indiana Jones and the Fate of Atlantis","PC"
"Crash Bandicoot 3: Warped","PC"
"Nine Witches: Family Disruption","PC"
"Brawlout","PC"
"Aurion: Legacy of the Kori-Odan","PC"
"Quest for Glory: So You Wanna Be a Hero","PC"
"Crusader: No Remorse","PC"
"Divine Divinity","PC"
"STAR WARS™ Jedi Knight II: Jedi Outcast™","PC"
"Etherborn","PC"
"The Spectrum Retreat","PC"
"INFERNO CLIMBER","PC"
"Lost Lands: A Hidden Object Adventure","PC"
"16bit Trader","PC"
"Days Gone","PC"
"Galactic Lords","PC"
"Caesar III","PC"
"Siege of Avalon: Anthology","PC"
"Heroes of Might and Magic IV: Complete","PC"
"SimCity 2000 Special Edition","PC"
"Youtubers Life OMG!","PC"
"Extreme Exorcism","PC"
"Diablo II","PC"
"Inspector Waffles","PC"
"GUILTY GEAR Xrd -SIGN-","PC"
"Planet Coaster","PC"
"Treasures of the Savage Frontier","PC"
"Horizon: Zero Dawn","PC"
"Halo 3","PC"
"Warhammer 40K: Dawn of War GOTY Edition","PC"
"RIME","PC"
"Heave Ho","PC"
"Whispers Of A Machine","PC"
"Absolute Drift: Zen Edition","PC"
"Myst III: Exile","PC"
"Chaos Control","PC"
"Mortal Kombat Komplete Edition","PC"
"Evil Dead: The Game","PC"
"Homeworld: Deserts of Kharak","PC"
"GRID","PC"
"Metal as Phuk","PC"
"Blake Stone: Aliens of Gold","PC"
"BlazBlue: Calamity Trigger","PC"
"New Yankee 6: In Pharaoh's Court","PC"
"Monstrum","PC"
"DISTRAINT: Deluxe Edition","PC"
"Sunrider: The Mask of Arcadius","PC"
"Mass Effect 1","PC"
"Tales of Berseria","PC"
"What Never Was","PC"
"Black Mirror 2","PC"
"Wing Commander","PC"
"Kitaria Fables","PC"
"Ultima III: Exodus","PC"
"The Witcher Adventure Game","PC"
"Death end re;Quest","PC"
"Counter Strike: Condition Zero","PC"
"Demon Hunter 2: New Chapter","PC"
"European Ship Simulator","PC"
"Ultima IX: Ascension","PC"
"Cossacks: Back to War","PC"
"Where in Time is Carmen Sandiego","PC"
"Hundred Days","PC"
"Frogger","PC"
"Little Farm","PC"
"Assassin's Creed: Valhalla","PC"
"FINAL FANTASY XV WINDOWS EDITION","PC"
"Creature in the Well","PC"
"House of 1000 Doors: Evil Inside","PC"
"Freedom Force vs. The 3rd Reich","PC"
"LEGO® STAR WARS™: The Complete Saga","PC"
"Master of Magic: Classic","PC"
"The Banner Saga 2","PC"
"Bayonetta","PC"
"The Battle of Polytopia","PC"
"Dungeons 3","PC"
"Recettear: An Item Shop's Tale","PC"
"RAGE","PC"
"Torchlight","PC"
"FarSky","PC"
"One Piece: World Seeker","PC"
"Moero Chronicle","PC"
"Champions of Krynn","PC"
"Star Ocean: The Second Story R","PC"
"Phantasmagoria 2: A Puzzle of Flesh","PC"
"Eador. Imperium","PC"
"SimCity 4 Deluxe","PC"
"Kane & Lynch: Dead Men","PC"
"The Sexy Brutale","PC"
"Spiritual Warfare & Wisdom Tree Collection","PC"
"The Mortuary Assistant","PC"
"Corpse Party","PC"
"Gal*Gun: Double Peace","PC"
"King's Quest VII: The Princeless Bride","PC"
"South Park: The Fractured But Whole","PC"
"Forgotten Realms: Unlimited Adventures","PC"
"Hiveswap Act 1","PC"
"Razerwire: Nanowars","PC"
"Age of Wonders III","PC"
"Spellcaster University","PC"
"Assassin's Creed: Odyssey","PC"
"Pizza Express","PC"
"Metal Gear Rising: Revengence","PC"
"Gone Home","PC"
"The Legend of Heroes: Trails in the Sky","PC"
"Mad Max","PC"
"BEEP","PC"
"Pizza Connection","PC"
"Offworld Trading Company","PC"
"Grandia 2","PC"
"Yatagarasu Attack on Cataclysm","PC"
"Worms: Armageddon","PC"
"Donut County","PC"
"Song of Horror: Complete Edition","PC"
"Broken Sword 5: The Serpent's Curse","PC"
"The Dead Tree of Ranchiuna","PC"
"Overclocked: A History of Violence","PC"
"Grand Theft Auto IV","PC"
"Numen: Contest of Heroes","PC"
"The Banner Saga","PC"
"Cats and the Other Lives","PC"
"Curse: The Eye of Isis","PC"
"Figment","PC"
"Wing Commander: Academy","PC"
"Prey","PC"
"No Man's Sky","PC"
"Dad Quest","PC"
"Two Point Hospital","PC"
"WWE 2K Battlegrounds","PC"
"Dragon Lore: The Legend Begins","PC"
"SEGA Bass Fishing","PC"
"Effie","PC"
"The Swords of Ditto","PC"
"Moonlighter","PC"
"Millie","PC"
"The Academy: The First Riddle","PC"
"Hard West","PC"
"Total Overdose: A Gunslinger's Tale in Mexico","PC"
"Mordheim: City of the Damned","PC"
"Final Fantasy IV","PC"
"Better Late Than Dead","PC"
"Lionheart: Legacy of the Crusader","PC"
"Pilgrims","PC"
"The Neverhood","PC"
"Guilty Gear Xrd -REVELATOR-","PC"
"Fairy Fencer F Advent Dark Force","PC"
"Warhammer 40K: Dawn of War - Winter Assault","PC"
"STAR WARS™: The Force Unleashed™ Ultimate Sith Edition","PC"
"Mini Thief","PC"
"Amazon Trail 3rd Edition","PC"
"Thinking With Time Machine","PC"
"Trials of Mana","PC"
"V-Rally 4","PC"
"Popup Dungeon","PC"
"The Drone Racing League","PC"
"Max Payne 3","PC"
"Nosferatu: Wrath of Malachi","PC"
"Where in the World is Carmen Sandiego","PC"
"Interplanetary","PC"
"Teddy Floppy Ear - Kayaking","PC"
"Gato Roboto","PC"
"The Uncertain: Last Quiet Day","PC"
"A Knight's Quest","PC"
"Tales of the Neon Sea","PC"
"Lionheart","PC"
"Mafia III: Definitive Edition","PC"
"Metro 2033 Redux","PC"
"Darksiders","PC"
"A Plague Tale: Innocence","PC"
"Beyond Eyes","PC"
"The Myth Seekers 2: The Sunken City","PC"
"The Cat Lady","PC"
"Guild of Dungeoneering","PC"
"Eternal Senia","PC"
"Superdimension Neptune VS Sega Hard Girls","PC"
"Supreme Ruler 2020","PC"
"Space Robinson","PC"
"Chef: A Resturaunt Tycoon Game","PC"
"Spellforce 2","PC"
"Sokobond","PC"
"LEGO® Jurassic World","PC"
"Black Widow: Recharged","PC"
"Endless Fables: The Minotaur's Curse","PC"
"The Undergarden","PC"
"Death to Spies","PC"
"The Adventures of Fei Duanmu 端木斐异闻录","PC"
"Friday the 13th: Killer Puzzle","PC"
"Beholder","PC"
"Blood: Fresh Supply","PC"
"Forza Horizon 4","PC"
"Witcheye","PC"
"Earth 2140","PC"
"Superbrothers: Sword and Sworcery EP","PC"
"Turnip Boy Commits Tax Evasion","PC"
"Fausts Alptraum","PC"
"Betrayer","PC"
"Avernum 3: Ruined World","PC"
"Dandara","PC"
"Hand of Fate 2","PC"
"LEGO® Batman™ 3: Beyond Gotham","PC"
"Dead Space","PC"
"The Elder Scrolls V: Skyrim Special Edition","PC"
"Calico","PC"
"Hitman 3: Contracts","PC"
"UnderRail","PC"
"Out of Line","PC"
"Cook, Serve, Delicious!","PC"
"Unreal Gold","PC"
"Mutant Year Zero: Road To Eden","PC"
"Fort Triumph","PC"
"Rise of Venice","PC"
"Trine","PC"
"Alien Rage - Unlimited","PC"
"BioShock Infinite","PC"
"Bassmaster Fishing 2022","PC"
"Half-Life 2: Downfall","PC"
"Re-Volt","PC"
"Knights and Merchants: The Shattered Kingdom","PC"
"Slime Rancher","PC"
"Grimiore: Heralds of the Winged Exemplar","PC"
"Neon Abyss","PC"
"STAR WARS™ Jedi Knight: Dark Forces II","PC"
"Reigns","PC"
"Pongo","PC"
"Narcos: Rise of the Cartels","PC"
"Sanitarium","PC"
"Treasure Hunter Clarie","PC"
"Wolfenstein: The Old Blood","PC"
"STAR WARS™ Jedi Knight: Jedi Academy™","PC"
"Star Ocean- The Last Hope","PC"
"Magic Carpet Plus","PC"
"Disney's Dreamlight Valley","PC"
"Golf Around","PC"
"Lands of Lore 3","PC"
"Flashback","PC"
"Quest for Glory 4: Shadows of Darkness","PC"
"Doom & Destiny","PC"
"Post Master","PC"
"RAD","PC"
"ONINAKI","PC"
"HyperDot","PC"
"Heroes Chronicles Chapter 4: Clash of the Dragons","PC"
"King's Quest I: Quest for the Crown","PC"
"Kenshi","PC"
"Spec Ops: The Line","PC"
"Wizardry 8","PC"
"S.T.A.L.K.E.R.: Clear Sky","PC"
"Super Solvers: Gizmos and Gadgets","PC"
"Lara Croft and the Guardian of Light","PC"
"Cats Hidden in Jingle Jam","PC"
"Borderlands 2","PC"
"The Oregon Trail 3rd Edition","PC"
"Star Wolves","PC"
"Orwell","PC"
"Beyond Good & Evil","PC"
"KIDS","PC"
"Little Big Workshop","PC"
"Mr. DRILLER Drill Land","PC"
"Model Builder","PC"
"Sleeping Dogs: Definitive Edition","PC"
"Learn Japanese To Survive! Hiragana Battle","PC"
"Disgaea PC","PC"
"Northern Tale 3","PC"
"Omega Quintet","PC"
"Hyper Light Drifter","PC"
"Scribblenauts Unlimited","PC"
"Turok: Dinosaur Hunter","PC"
"A Hat in Time","PC"
"Grand Theft Auto IV: Ballad of Gay Tony","PC"
"Yakuza: Like a Dragon","PC"
"Spider-Man Remastered","PC"
"GRIS","PC"
"Star Wars: Jedi Fallen Order","PC"
"The Coma 2: Vicious Sisters","PC"
"Dust: An Elysian Tale","PC"
"Star Wars: Galactic Battlegrounds Saga","PC"
"Miasmata","PC"
"Tomb Raider: Chronicles","PC"
"Lara Croft GO","PC"
"Need for Speed: Payback","PC"
"PC Building Simulator","PC"
"Snowdrop Escape","PC"
"18 Wheels of Steel: Across America","PC"
"GET EVEN","PC"
"Frostpunk","PC"
"Lost Horizon 2","PC"
"The Oregon Trail II: 25th Anniversary Limited Edition","PC"
"World's Dawn","PC"
"Grandia","PC"
"Alien Breed: Impact","PC"
"Gomo","PC"
"Resident Evil 2","PC"
"Cyberdimension Neptunia: 4 Goddesses Online","PC"
"Chinese Paladin：Sword and Fairy 6","PC"
"Paganitzu","PC"
"Where in Space is Carmen Sandiego","PC"
"Lords of the Realm: CD Version","PC"
"Purrfect Date","PC"
"Gothic","PC"
"The Low Road","PC"
"Atelier Escha & Logy: Alchemists of the Dusk Sky DX","PC"
"Moto Racer 3: Gold Edition","PC"
"Menzoberranzan","PC"
"The Princess' Heart","PC"
"Centipede: Recharged","PC"
"Mortal Shell","PC"
"Tyranny","PC"
"Chicken Assassin: Reloaded","PC"
"Through the Woods","PC"
"Treachery in Beatdown City","PC"
"Cloudbuilt Defiance","PC"
"Override: Mech City Brawl","PC"
"Warhammer 40K: Boltgun","PC"
"Blade of God","PC"
"Tales of Monkey Island: Chapter 5- Rise of the Pirate God","PC"
"Melbits World","PC"
"Men of War: Condemned Heroes","PC"
"Assassin's Creed: Syndicate","PC"
"Grand Ages: Medieval","PC"
"Planescape: Torment: Enhanced Edition","PC"
"Black Mesa","PC"
"Baldur's Gate 3","PC"
"Starflight II: Trade Routes of the Cloud Nebula","PC"
"Harvester","PC"
"Farming World","PC"
"Iconoclasts","PC"
"Runbow","PC"
"MegaRace 3","PC"
"Atlantis: The Lost Tales","PC"
"Cubicle Quest","PC"
"Thea 2: The Shattering","PC"
"Yooka-Laylee and the Impossible Lair","PC"
"Sid Meier's Civilization V","PC"
"GRIP: Combat Racing","PC"
"Old School","PC"
"Toki","PC"
"Quantum Conundrum","PC"
"Chaos Reborn","PC"
"Prince of Persia: Warrior Within","PC"
"Iron Fisticle","PC"
"Magrunner: Dark Pulse","PC"
"Into the Backrooms","PC"
"Metamorphisis","PC"
"Algo Bot","PC"
"Across the Grooves","PC"
"Steamworld Dig 2","PC"
"Still Life","PC"
"Layers of Fear 2","PC"
"Titan Quest: Anniversary Edition","PC"
"Shop Titans","PC"
"South of the Circle","PC"
"Vampire: The Masquerade - Bloodlines","PC"
"Stealth Inc 2: A Game of Clones","PC"
"Story Of the Survivor","PC"
"Planar Conquest","PC"
"Sword Art Online: Hollow Fragment","PC"
"Laser Disco Defenders","PC"
"Yakuza Kiwami","PC"
"Ittle Dew 2+","PC"
"SWARMRIDER OMEGA","PC"
"Plazma Being","PC"
"One Finger Death Punch 2","PC"
"Arslan: The Warrior of Legend","PC"
"Dex","PC"
"Logistique Act. 1","PC"
"Quake II","PC"
"Risk of Rain 2","PC"
"RPG in a Box","PC"
"Final Fantasy IX","PC"
"Agarest: Mariage (Record of Agarest War: Mariage)","PC"
"VirtuaVerse","PC"
"Ni No Kuni: Wrath of the White Witch","PC"
"Frog Climbers","PC"
"Assassin's Creed II","PC"
"Monster Rancher 2","PC"
"Wing Commander II: Vengeance of the Kilrathi","PC"
"Velocity®Ultra","PC"
"Avernum 4","PC"
"Samsara Room","PC"
"Descent: Freespace","PC"
"while True: learn[]","PC"
"Thief: Gold","PC"
"Fall of Light","PC"
"Space Quest IV: Roger Wilco and The Time Rippers","PC"
"Batman: The Enemy Within","PC"
"Airline Tycoon Deluxe","PC"
"Halo: Combat Evolved: Anniversary","PC"
"Bubble Ghost","PC"
"Retrowave","PC"
"Realms of Arkania: Star Trail Remastered","PC"
"Escape from Monkey Island","PC"
"The Complex","PC"
"Cossacks: Art of War","PC"
"Splasher","PC"
"The Guest","PC"
"Ironcast","PC"
"Trillion: God of Destruction","PC"
"High Hell","PC"
"Loria","PC"
"Hyperdimension Neptunia Re;Birth2 Sisters Generation","PC"
"Green Hell","PC"
"SOULCALIBUR VI","PC"
"Bridge Constructor: Playground","PC"
"Unhack","PC"
"Layers of Fear","PC"
"WrestleQuest","PC"
"Adventures of Chris","PC"
"Q.U.B.E. 2","PC"
"Out of the Box","PC"
"DMC: Devil May Cry","PC"
"Kingdoms of Amalur: Reckoning™","PC"
"WRC 7","PC"
"Sword Legacy Omen","PC"
"Resident Evil 4","PC"
"Atlantis 3: The New World","PC"
"Gartic Phone","PC"
"MegaTagmension Blanc + Neptune VS Zombies","PC"
"A Blind Legend","PC"
"Outer Wilds","PC"
"Sacra Terra: Angelic Night","PC"
"Amalgam","PC"
"a. 140","PC"
"Syndicate Wars","PC"
"Fallout: New Vegas","PC"
"Vampire: The Masquerade - Coteries of New York","PC"
"Might and Magic 2: Gates to Another World","PC"
"Saints Row: The Third","PC"
"XBlaze Code : Embryo","PC"
"Children of Morta","PC"
"Return to Krondor","PC"
"Aegis Defenders","PC"
"missed messages.","PC"
"Hades","PC"
"Mail Mole","PC"
"Counter Strike Source","PC"
"Rune Factory 4 Special","PC"
"King's Bounty: The Legend","PC"
"Cultures - Northland","PC"
"Eschalon Book 2","PC"
"Freedom Cry","PC"
"Metal Slug 2","PC"
"DungeonUp","PC"
"Giana Sisters: Twisted Dreams - Rise of the Owlverlord","PC"
"Hell is Other Demons","PC"
"Anachronox","PC"
"Ozymandias","PC"
"The Vagrant","PC"
"Fatal Fury Special","PC"
"The Evil Within 2","PC"
"Planet Alcatraz","PC"
"Might and Magic VII: For Blood and Honor","PC"
"Leisure Suit Larry 7 - Love for Sail","PC"
"Gaia","PC"
"Gothic 3","PC"
"Kingdom Hearts: Dream Drop Distance","PC"
"Summoner","PC"
"Sam and Max Hit the Road","PC"
"Unreal Tournament 3: Black Edition","PC"
"Wallace & Gromit: Ep. 4 - The Bogey Man","PC"
"Eschalon Book 1","PC"
"Abandon Ship","PC"
"Another Lost Phone: Laura's Story","PC"
"GigaBash","PC"
"Secret Files 3","PC"
"Valkyria Chronicles","PC"
"Hood: Outlaws & Legends","PC"
"Trine 2","PC"
"Battle Realms Complete","PC"
"Men of War: Red Tide","PC"
"Prey (Original)","PC"
"Iratus: Lord of the Dead","PC"
"Ghostrunner","PC"
"LEGO Builder's Journey","PC"
"The Inner World","PC"
"Lucid9: Inciting Incident","PC"
"Samurai Shodown NeoGeo Collection","PC"
"Art of Fighting 2","PC"
"Ultima I: The First Age of Darkness","PC"
"Deployment","PC"
"Call of Duty: Modern Warfare 3","PC"
"King's Quest Vi: Heir Today, Gone Tomorrow","PC"
"Urban Trial Playground","PC"
"Atelier Lydie & Suelle: The Alchemists and the Mysterious Paintings","PC"
"Bioforge","PC"
"Deathtrap Dungeon","PC"
"The Dark Eye","PC"
"UBERMOSH Vol.5","PC"
"Cave Story+","PC"
"Fairy Tail","PC"
"Hitman: Blood Money","PC"
"Survivalist","PC"
"Middle-earth™: Shadow of Mordor™","PC"
"Warhammer: Shadow of the Horned Rat","PC"
"Hotline Miami","PC"
"Quake IV","PC"
"Tomb Raider: Underworld","PC"
"Might and Magic 3: Isles of Terra","PC"
"Balrum","PC"
"Cube Escape Paradox","PC"
"Kingdom Hearts 2 FINAL MIX","PC"
"Avernum: Escape from the Pit","PC"
"Mortal Kombat X","PC"
"Human Resource Machine","PC"
"Extinction","PC"
"Ultima V","PC"
"Dragon Fantasy: The Black Tome of Ice","PC"
"The Town of Light","PC"
"theHunter: Call of the Wild","PC"
"Rolling Sun","PC"
"Touhou Mystia's Izakaya","PC"
"Hover","PC"
"Divinity II: Developer's Cut","PC"
"My Friend is a Raven","PC"
"Medieval Kingdom Wars","PC"
"Sine Mora EX","PC"
"Tiny Robots Recharged","PC"
"Ittle Dew","PC"
"Tomb Raider: Legend","PC"
"Arma 2","PC"
"City of Gangsters","PC"
"The Red Solstice","PC"
"Serious Sam Classic: The Second Encounter","PC"
"Einlanzer","PC"
"Drakkhen","PC"
"Jay and Silent Bob Mall Brawl","PC"
"Orcs Must Die!","PC"
"Duke Nukem: Manhattan Project","PC"
"Overture","PC"
"Spelldrifter","PC"
"Warhammer 40k: Gladius- Relics of War","PC"
"Phoenix Wright: Ace Attorney Trilogy","PC"
"The Incredible Adventures of Van Helsing III","PC"
"Don't Starve","PC"
"The Witcher: Enhanced Edition","PC"
"Cossacks: European Wars","PC"
"Delores: A Thimbleweed Park Mini-Adventure","PC"
"Metal Slug 3","PC"
"Green Ranch","PC"
"Rise of the Triad","PC"
"Oozi: Earth Adventure","PC"
"Grand Theft Auto: San Andreas","PC"
"Disciples II: Dark Prophecy and Gallean's Return","PC"
"Adam Wolfe","PC"
"Legend of Grimrock II","PC"
"City of Brass","PC"
"Callahans Crosstime Saloon","PC"
"Amerzone: The Explorer's Legacy","PC"
"X-COM: Terror From the Deep","PC"
"Wolfenstein: The New Order","PC"
"Drizzlepath: Deja Vu","PC"
"Just Die Already","PC"
"Death Track: Resurrection","PC"
"King's Bounty: Warriors of the North","PC"
"Majotori","PC"
"Iesabel","PC"
"Kao the Kangaroo: Round 2","PC"
"Arcanum: Of Steamworks and Magick Obscura","PC"
"Along the Edge","PC"
"The Mysterious Cities of Gold - Secret Paths","PC"
"Deus Ex: Human Revolution - Director's Cut","PC"
"Frederic: Resurrection of Music","PC"
"Yakuza 0","PC"
"Super Neptunia RPG","PC"
"Atelier Ayesha: The Alchemist of Dusk DX","PC"
"Horizon Chase Turbo","PC"
"Metal Gear Solid 2: Sons of Liberty","PC"
"Fell Seal: Arbiter's Mark","PC"
"Stories: The Path of Destinies","PC"
"XIII","PC"
"Soldiers: Heroes of World War II","PC"
"Atari Vault","PC"
"Eador: Genesis","PC"
"Hillsfar","PC"
"Guns, Gore, and Cannoli 2","PC"
"Rise of the Tomb Raider","PC"
"Poker Club","PC"
"Ghostbusters: The Video Game","PC"
"LEGO® Harry Potter: Years 1-4","PC"
"Cities: Skylines","PC"
"Death Coming","PC"
"Sid Meier's Civilization III: Complete","PC"
"Ary and the Secret of Seasons","PC"
"White Night","PC"
"Tropico 4","PC"
"Killing Floor 2","PC"
"Return to Castle Wolfenstein","PC"
"STAR WARS™: Knights of the Old Republic™","PC"
"Tales of Symphonia","PC"
"Ravenous Devils","PC"
"Devil May Cry 4","PC"
"Viking Rage","PC"
"Half-Life 2","PC"
"Wars and Warriors: Joan of Ark","PC"
"Soulbringer","PC"
"Max: The Curse of the Brotherhood","PC"
"Avicii: Invector","PC"
"The Incredible Machine: Even More Contraptions","PC"
"Sacred 2: Fallen Angel Gold","PC"
"Heroes Chronicles Chapter 3: Masters of the Elements","PC"
"Vestaria Saga: War of the Scions","PC"
"Metro: Exodus","PC"
"The Even More Incredible Machine","PC"
"Brothers: Tale of Two Sons","PC"
"Damascus Gear: Operation Osaka HD Edition","PC"
"Shock Troopers","PC"
"VillageRhapsody","PC"
"Yesterday Origins","PC"
"Timelapse","PC"
"Outcast 1.1","PC"
"Path of Giants","PC"
"Dark Sun 2: Wake of the Ravager","PC"
"Little Big Adventure","PC"
"MotoGP™15","PC"
"Metro: Last Light Redux","PC"
"Dead Island Definitive Edition","PC"
"Fahrenheit: Indigo Prophecy Remastered","PC"
"Spitkiss","PC"
"Quickerflak","PC"
"Crystals of Time","PC"
"Call of Juarez","PC"
"Revenant","PC"
"Simon the Sorceror 3D","PC"
"Lethe - Episode One","PC"
"Mary Skelter: Nightmares","PC"
"Wing Commander: Armada","PC"
"Silence: The Whispered World 2","PC"
"Astrologaster","PC"
"Sword of the Stars: Complete Collection","PC"
"Portal Reloaded","PC"
"The Secret Order 6: Bloodline","PC"
"Rogue Legacy","PC"
"Party Hard 2","PC"
"Resident Evil 7","PC"
"Nelke & the Legendary Alchemist: Ateliers of the New World","PC"
"I Shall Remain","PC"
"Gabriel Knight: Sins of the Fathers","PC"
"To The Moon","PC"
"I, Hope","PC"
"Jelly Brawl","PC"
"Mushroom Wars","PC"
"Legend of Kay: Anniversary","PC"
"Crash Bandicoot 2: Cortex Strikes Back","PC"
"Pine","PC"
"Duke Nukem 3D","PC"
"Pure Farming 2018","PC"
"FlatOut","PC"
"Commander Keen: Invasion of the Vorticons: Episode 1: Marooned on Mars","PC"
"Beautiful Desolation","PC"
"Randal's Monday","PC"
"WWE 2K23","PC"
"Heroes Chronicles Chapter 5: The World Tree","PC"
"Resident Evil","PC"
"CHUCHEL","PC"
"Rayman Forever","PC"
"Warhammer 40K: Dawn of War - Dark Crusade","PC"
"Konung 2: Blood of Titans","PC"
"Whispering Willows","PC"
"Sigma Theory: Global Cold War","PC"
"A Good Snowman is Hard to Build","PC"
"Sonic Generations","PC"
"Train Sim World 2","PC"
"Utawarerumono: Mask of Deception","PC"
"Space Quest I: Roger Wilco in The Sarien Encounter","PC"
"Just Cause","PC"
"The Messenger","PC"
"Midnight Mysteries 4: Haunted Houdini","PC"
"Dragon Age 2","PC"
"The Banner Saga 3","PC"
"Diablo III","PC"
"Anno 1800","PC"
"Unreal Tournament 2004","PC"
"Tales from Candlekeep: Tomb of Annihilation","PC"
"Dragon Age: Origins - Ultimate Edition","PC"
"Valley","PC"
"Men of War: Vietnam","PC"
"Sword of the Samurai","PC"
"Crookz: The Big Heist","PC"
"Inquisitor","PC"
"A Vampyre Story","PC"
"Europa Universalis IV","PC"
"Newfound Courage","PC"
"The Suicide of Rachel Foster","PC"
"Way of the Samurai 4","PC"
"Carmen Sandiego: Great Chase Through Time","PC"
"Adios","PC"
"Blue Fire","PC"
"Dark Quest 2","PC"
"Looterkings","PC"
"Garry's Mod","PC"
"Sacred Gold","PC"
"Mass Effect 2","PC"
"Silver","PC"
"Commander Keen in Goodbye Galaxy!: Episode 4: Secret of the Oracle","PC"
"Dynasty Warriors 9","PC"
"Rebel Galaxy","PC"
"The Bard's Tale Trilogy","PC"
"Drunken Wrestlers 2","PC"
"ScourgeBringer","PC"
"X-Morph: Defense Complete Edition","PC"
"American Mcgee's Alice","PC"
"Autonauts: Age of Enlightenment","PC"
"SteamWorld Quest: Hand of Gilgamech","PC"
"Rexaura","PC"
"Night in the Woods","PC"
"WWE 2K20","PC"
"Encased","PC"
"Crusader Kings III","PC"
"Pikuniku","PC"
"Celestian Tales: Old North","PC"
"Outlast 2","PC"
"Where is America's Past is Carmen Sandiego","PC"
"Warhammer 40K: Mechanicus","PC"
"The Manhole: Masterpiece Edition","PC"
"Graveyard Keeper","PC"
"The Elder Scrolls I: Arena","PC"
"Earth 2150 Trilogy","PC"
"Aces of the Luftwaffe: Squadron","PC"
"Double Cross","PC"
"Genshin Impact","PC"
"Dinkum","PC"
"Shiftlings","PC"
"Desperados 3","PC"
"Need for Speed: Heat","PC"
"House Flipper","PC"
"Styx: Shards of Darkness","PC"
"World of Final Fantasy","PC"
"Inside","PC"
"Sonic and SEGA All Stars Racing","PC"
"A.I.M. 2: Clan Wars","PC"
"Pictoquest","PC"
"Vaporum","PC"
"Halo 4","PC"
"Ring of Pain","PC"
"Everlasting Summer","PC"
"TTV2","PC"
"The Last Door: Collector's Edition","PC"
"Godlike Burger","PC"
"Galaxy of Pen & Paper","PC"
"Guacamelle 2","PC"
"Tomb Raider II","PC"
"Speed Brawl","PC"
"Dracula: The Resurrection","PC"
"Fallout 3","PC"
"Dusk Diver","PC"
"Learn Japanese To Survive! Katakana War","PC"
"Port Royal 3","PC"
"Snakebird Complete","PC"
"Fallout 76","PC"
"Fragments","PC"
"Wizard of Legend","PC"
"Dead in Bermuda","PC"
"Teddy Floppy Ear - Mountain Adventure","PC"
"ARK: Survival Evolved","PC"
"Dragon Ball: Xenoverse","PC"
"Tomb Raider VI: Angel of Darkness","PC"
"Injustice: Gods Among Us Ultimate Edition","PC"
"Dark Deity","PC"
"Baldur's Gate II: Enhanced Edition","PC"
"Depth of Extinction","PC"
"Final Fantasy V","PC"
"Hitman","PC"
"Empire Earth Gold Edition","PC"
"Bio Menace","PC"
"Powerwash Simulator","PC"
"Dark Souls Remastered","PC"
"Ni No Kuni II: Revenant Kingdom","PC"
"Borderlands","PC"
"Eye of the Beholder III: Assault on Myth Drannor","PC"
"Borderlands: The Pre-Sequel","PC"
"RollerCoaster Tycoon 2","PC"
"Blacksad","PC"
"Rising Storm 2: Vietnam","PC"
"Splatter - Zombiecalypse Now","PC"
"Myst V: End of Ages","PC"
"When Ski Lifts Go Wrong","PC"
"Against All Odds","PC"
"Far Cry 4","PC"
"Euro Truck Simulator 2","PC"
"Sheltered","PC"
"Master of Pottery","PC"
"Session","PC"
"Mugsters","PC"
"Agarest: Generation Zero (Record of Agarest War Zero)","PC"
"Shard of Spring","PC"
"Anomaly Defenders","PC"
"Dreamscapes: The Sandman - Premium Edition","PC"
"Jagged Alliance 2: Wildfire","PC"
"Lock's Quest","PC"
"Atlas","PC"
"Doomdark's Revenge","PC"
"Might and Magic IV: Clouds of Xeen","PC"
"MXGP - The Official Motocross Videogame","PC"
"El Matador","PC"
"Distraint 2","PC"
"METAL GEAR SOLID V: THE PHANTOM PAIN","PC"
"Earthlock","PC"
"Grim Dawn","PC"
"Blazing Chrome","PC"
"Thunder Wolves","PC"
"Death Stranding","PC"
"SimCity 3000 Unlimited","PC"
"Secret Files: Tunguska","PC"
"Sacrifice","PC"
"Sengoku 3","PC"
"Stealth Bastard: Deluxe Edition","PC"
"Serious Sam: Siberian Mayhem","PC"
"Space Quest VI: Roger Wilco in The Spinal Frontier","PC"
"Mortal Kombat 1/2/3","PC"
"Darklands","PC"
"Fable 3","PC"
"My Time at Portia","PC"
"Shantae: Half Genie Hero Ultimate Edition","PC"
"Agatha Christie - The ABC Murders","PC"
"Chamber of the Sci-Mutant Priestess","PC"
"Dream Daddy: Dadrectors cut","PC"
"Hollow Knight","PC"
"Might and Magic V: Darkside of Xeen","PC"
"Wildcat Gun Machine","PC"
"Konung: Legends of the North","PC"
"Geneforge 1: Mutagen","PC"
"Hotline Miami 2","PC"
"Geneforge","PC"
"King's Quest V: Absence Makes the Heart Go Yonder!","PC"
"One Piece: Pirate Warriors 4","PC"
"Dracula 3: The Path of the Dragon","PC"
"The Elder Scrolls II: Daggerfall","PC"
"Candleman","PC"
"Batman: The Tell-Tale Series","PC"
"Warhammer 40K: Chaos Gate","PC"
"Holy Avatar vs. Maidens of the Dead","PC"
"Kingdom hearts RE: Chain of Memories","PC"
"Jitsu Squad","PC"
"Wargame: Red Dragon","PC"
"The Coma: Recut","PC"
"Fire Pro Wrestling World","PC"
"Broken Sword 3: The Sleeping Dragon","PC"
"Storm","PC"
"Yakuza Kiwami 2","PC"
"Geometry Wars 3: Dimensions Evolved","PC"
"Legends of Ellaria","PC"
"Police Quest III: The Kindred","PC"
"Escape Machine City: Airborne","PC"
"Golf It!","PC"
"Deep Sky Derelicts","PC"
"The Murder of Sonic the Hedgehog","PC"
"Minit","PC"
"MORKREDD","PC"
"The Elder Scrolls IV: Oblivion","PC"
"Bastion","PC"
"Heroes Chronicles Chapter 6: The Fiery Moon","PC"
"Insurmountable","PC"
"Pale Echoes","PC"
"Disciples III Renaissance","PC"
"Discworld II: Reality Bytes","PC"
"God Game : The Odyssey","PC"
"Atelier Sophie: The Alchemist of the Mysterious Book DX","PC"
"Downfall: Redux","PC"
"John Saul's Blackstone Chronicles: An Adventure in Terror","PC"
"Halo: Reach","PC"
"Windbound","PC"
"King's Bounty II","PC"
"Shadoworlds","PC"
"KONA","PC"
"STAR WARS™ Dark Forces","PC"
"Zwei: The Arges Adventure","PC"
"Curse of the Azure Bonds","PC"
"Fable Anniversary","PC"
"The Wheel of Time","PC"
"Aztez","PC"
"Caverns of Mars Recharged","PC"
"Leisure Suit Larry 5 - Passionate Patti Does a Little Undercover Work","PC"
"Wings of Vi","PC"
"Kingdom Under Fire 2- Basic Edition","PC"
"Tales of Vesperia","PC"
"Druidstone: The Secret of the Menhir Forest","PC"
"Mountain","PC"
"Take On Helicopters","PC"
"DOOM","PC"
"The Bard's Tale: Remastered and Resnarkled","PC"
"Anomaly 2","PC"
"Rekkr: Sunken Land","PC"
"The Whispered World: Special Edition","PC"
"Destiny 2","PC"
"Tandem: A Tale of Shadows","PC"
"The Simpson's: Hit and Run","PC"
"Battle Fantasia -Revised Edition-","PC"
"Ticket to Ride","PC"
"CLANNAD","PC"
"SOMA","PC"
"Never Alone (Kisima Ingitchuna)","PC"
"Omikron: The Nomad Soul","PC"
"HITMAN™ 2","PC"
"Pulstar","PC"
"Remnant: From the Ashes","PC"
"Cook, Serve, Delicious! 3?!","PC"
"Legrand Legacy","PC"
"Sun Blast","PC"
"Gabriel Knight 3: Blood of the Sacred, Blood of the Damned","PC"
"Overcooked!","PC"
"Etherlords II","PC"
"The First Tree","PC"
"Atelier Totori: The Adventurer of Arland DX","PC"
"Carrier Command: Gaea Mission","PC"
"Janosik: Highlander Precision Platformer","PC"
"The Night of the Rabbit","PC"
"The Incredible Adventures of Van Helsing: Complete","PC"
"Penumbra: Black Plague","PC"
"Spirit of the North","PC"
"Riven: The Sequel to MYST","PC"
"Brutal Legend","PC"
"Giana Sisters: Twisted Dreams","PC"
"Disciples III Resurrection","PC"
"Streets of Fury EX","PC"
"Anarcute","PC"
"Prince of Persia: Sands of Time","PC"
"Might and Magic IX","PC"
"Broken Reality","PC"
"Slain: Back from Hell","PC"
"Journey of a Roach","PC"
"Commander Keen: Invasion of the Vorticons: Episode 3: Keen Must Die!","PC"
"The Gate of Firmament","PC"
"10 Second Ninja X","PC"
"The LEGO® NINJAGO® Movie Video Game","PC"
"Stellaris","PC"
"Knights of Pen and Paper 2","PC"
"UBERMOSH Vol.3","PC"
"Dracula 5: The Blood Legacy","PC"
"The Legend of Heroes: Trails to Azure","PC"
"Mount & Blade: With Fire and Sword","PC"
"Elderborn","PC"
"Golf With Your Friends","PC"
"New Super Lucky's Tale","PC"
"Gas Guzzlers Extreme","PC"
"Shadow Warrior: Classic Complete","PC"
"Jade's Journey 2","PC"
"I'm not a Monster: First Contact","PC"
"Persona 5 Royal","PC"
"Dark Rose Valkyrie","PC"
"The Occupation","PC"
"UBERMOSH","PC"
"The Legend of Heroes: Trials in the Sky Second Chapter","PC"
"Shadow Warrior 2","PC"
"DEATHLOOP","PC"
"Kabounce","PC"
"Cosmic Osmo and the Worlds Beyond the Mackeral","PC"
"Alice: Madness Returns","PC"
"Unreal Tournment GOTY Edition","PC"
"ZanZarah: The Hidden Portal","PC"
"Legends of Eisenwald","PC"
"Serious Sam 4","PC"
"Train Valley","PC"
"Dead in Vinland","PC"
"Iris and the Giant","PC"
"Saints Row","PC"
"Aarklash: Legacy","PC"
"Outlast:Whistleblower","PC"
"Heroes Chronicles Chapter 2: Conquest of the Underworld","PC"
"Mad Tracks","PC"
"Deus Ex: Revision","PC"
"KHOLAT","PC"
"If On A Winter's Night, Four Travelers","PC"
"For the King","PC"
"Dragon Age: Inquisition","PC"
"Red Dead Redemption 2","PC"
"Bear With Me: The Lost Robots","PC"
"Comic Book Tycoon","PC"
"ESport Manager","PC"
"SkyDrift","PC"
"The Dark Queen of Krynn","PC"
"Stick It To the Man","PC"
"Full Throttle Remastered","PC"
"Ultima II: The Revenge of the Enchantress","PC"
"Sid Meier's Civilization: Beyond Earth","PC"
"Star Wars: Squadrons","PC"
"Star Wolves 3: Civil War","PC"
"Divinity: Dragon Commander","PC"
"Darkest Dungeon®","PC"
"Bridge Constructor","PC"
"Vampire: The Masquerade - Shadows of New York","PC"
"Far Cry Primal","PC"
"Aaero","PC"
"ENSLAVED™: Odyssey to the West™ Premium Edition","PC"
"Impulsion","PC"
"Destiny Warriors","PC"
"METAL GEAR SOLID","PC"
"Prison Architect","PC"
"Sorcery! Part 4","PC"
"Snoopy: The Cool Computer Game","PC"
"shapez","PC"
"Epistory: Typing Chronicles","PC"
"Rise Eterna","PC"
"Faust: Seven Games of the Soul","PC"
"Dragon Quest XI S: Echoes of an Elusive Age Definitive Edition","PC"
"Blackguards 2","PC"
"The Wanderer: Frankenstein's Creature","PC"
"Still Life 2","PC"
"LEGO® City Undercover","PC"
"Cuphead","PC"
"Claire","PC"
"Sir, You Are Being Hunted","PC"
"Tom Clancy's The Division 2","PC"
"Shivers II: Harvest of Souls","PC"
"Iron Snout","PC"
"Steel Rats","PC"
"Dark Quest","PC"
"Hotshot Racing","PC"
"The King of Fighters 2000","PC"
"Wonderboy: The Dragon's Trap","PC"
"Subterra","PC"
"Star Vikings Forever","PC"
"Paradigm","PC"
"Chimeraland","PC"
"Merry Glade","PC"
"Going Under","PC"
"Disciples II: Rise of the Elves","PC"
"Syberia 2","PC"
"realMyst: Masterpiece Edition","PC"
"BRINK","PC"
"Settlers 3: Ultimate Collection","PC"
"Fate/Extella","PC"
"Galactic Civilizations III","PC"
"looK INside","PC"
"Counter Strike 2","PC"
"Sid Meier's Civilization IV","PC"
"Oddworld: Munch's Oddysee","PC"
"Enderal: Forgotten Stories","PC"
"Quantum Replica","PC"
"Pillars of Eternity","PC"
"TEKKEN 7","PC"
"Nostradamus: The Last Prophecy","PC"
"Gods WIll Fall","PC"
"Shadowrun Hong Kong","PC"
"Cultures - 8th Wonder of the World","PC"
"Kill to Collect","PC"
"Leisure Suit Larry 3 - Passionate Patti in Pursuit of the Pulsating Pectorals","PC"
"Anomaly: Warzone Earth","PC"
"CTU: Counter Terrorism Unit","PC"
"Robin Hood: The Legend of Sherwood","PC"
"Manual Samuel","PC"
"Secret Agent","PC"
"A Game of Thrones: The Board Game","PC"
"Fantasy Wars","PC"
"Tomb Raider: The Last Revelation","PC"
"Rise of Industry","PC"
"Halo 2: Anniversary","PC"
"Expeditions: Viking","PC"
"Lords of the Fallen","PC"
"Sorcery! Parts 1 & 2","PC"
"Ancestors Legacy","PC"
"F1 Race Stars","PC"
"Beyond Blue","PC"
"Tengami","PC"
"Jill of the Jungle: The Complete Trilogy","PC"
"Ghostwire Tokyo","PC"
"Leisure Suit Larry 1 - In the Land of the Lounge Lizards","PC"
"Crying Suns","PC"
"World Ship Simulator","PC"
"Spinch","PC"
"Bridge Constructor: Medieval","PC"
"Divine Knockout","PC"
"Queen's Wish: The Conqueror","PC"
"Hell Girls","PC"
"World War II: Panzer Claws","PC"
"Shoppe Keep","PC"
"Taxi!","PC"
"Battle Chef Brigade","PC"
"Okami HD","PC"
"Legacy of Kain: Soul Reaver 2","PC"
"Detention","PC"
"Sally Face","PC"
"Starflight","PC"
"Blitzkrieg Anthology","PC"
"First Class Trouble","PC"
"Vampire: The Masquerade - Redemption","PC"
"Rogue Stormers","PC"
"Dead Age","PC"
"Carmen Sandiego Word Detective","PC"
"Hell is Others","PC"
"Pizza Connection 2","PC"
"Regions Of Ruin","PC"
"Wing Commander III: Heart of the Tiger","PC"
"Assassin's Creed: Black Flag","PC"
"Hard Reset Redux","PC"
"Wallace and Gromit: Ep. 1 - Fright of the Bumblebees","PC"
"LEGO® Batman™ : The Video Game","PC"
"Theme Hospital","PC"
"Tempest","PC"
"STAR WARS™ Battlefront (Classic)","PC"
"Warhammer 40K: Inquisitor - Martyr","PC"
"West Of Loathing","PC"
"Kingdom Hearts FINAL MIX","PC"
"Tacoma","PC"
"Sudden Strike 3","PC"
"Far Cry Blood Dragon","PC"
"The Dream Machine","PC"
"Yooka Laylee","PC"
"Blaster Master Zero","PC"
"Whiskey and Zombies: Great Southern Zombie Escape","PC"
"Prince of Persia","PC"
"Gamedec: Definitive Edition","PC"
"Dragon Ball: Xenoverse 2","PC"
"FIVE: Guardians of David","PC"
"The Test","PC"
"Yakuza 5 Remastered","PC"
"Recompile","PC"
"Serious Sam 3: BFE","PC"
"Mutant Football League","PC"
"Tannenberg","PC"
"Mega Man Legacy Collection 2","PC"
"Pandemonium! 2","PC"
"Tomb Raider: Anniversary","PC"
"Katamari Damacy REROLL","PC"
"Strafe","PC"
"Black Mirror 1","PC"
"Assassin's Creed: Origins","PC"
"Army Men: Sarge's War","PC"
"Shock Troopers: 2nd Squad","PC"
"Tales of Monkey Island: Chapter 2- The Siege of Spinner Cay","PC"
"Mount & Blade: Warband","PC"
"Wizardry 7: Crusaders of the Dark Savant","PC"
"Legend of Grimrock","PC"
"Forwarned","PC"
"The Legend of Heroes: Trails in the Sky the 3rd","PC"
"Silence of the Sleep","PC"
"Blades of Time","PC"
"LEGO® The Lord of the Rings™","PC"
"NecroVisioN","PC"
"Breathedge","PC"
"Torin's Passage","PC"
"Edna & Harvey: Harvey's New Eyes","PC"
"Operation Flashpoint: Red River","PC"
"Analogue: A Hate Story","PC"
"Disciples II","PC"
"The Oregon Trail 5th Edition","PC"
"Titanfall 2","PC"
"Subnautica","PC"
"Phantasmagoria","PC"
"Deus Ex: The Fall","PC"
"Payday 2","PC"
"Need for Speed","PC"
"Toki Tori","PC"
"Prophecy I - The Viking Child","PC"
"Book of Demons","PC"
"The Curse of Monkey Island","PC"
"Jade's Journey","PC"
"Ys: Memories of Celceta","PC"
"Commandos 3: Destination Berlin","PC"
"Iron Storm","PC"
"Massive Chalice","PC"
"Megarace 2","PC"
"Pivot Pilot","PC"
"Armello","PC"
"Kerbal Space Program","PC"
"Pillars of Eternity 2: Deadfire","PC"
"Oddworld: Stranger's Wrath HD","PC"
"Samorost 1","PC"
"Halo 3: ODST","PC"
"Project: Mirror","PC"
"House of 1000 Doors: The Palm of Zoroaster","PC"
"In Other Waters","PC"
"Sherlock Holmes versus Jack the Ripper","PC"
"Blaster Master Zero 2","PC"
"Fire","PC"
"Majesty HD","PC"
"Thief: Deadly Shadows","PC"
"Geneforge IV: Rebellion","PC"
"Sudden Strike Gold","PC"
"Valthirian Arc: Hero School Story","PC"
"Neverwinter Nights 2: Complete Edition","PC"
"Europa Universalis III","PC"
"Kingdom Hearts: Birth By Sleep FINAL MIX","PC"
"F1 2019","PC"
"Crash Bandicoot 4: It's About Time","PC"
"Grand Theft Auto IV: Lost and Damned","PC"
"Edgar: Bokbok in Boulzac","PC"
"Cosmic Express","PC"
"Arcade Spirits","PC"
"Commander Keen in Goodbye Galaxy!: Episode 5: The Armageddon Machine","PC"
"King's Quest IV: The Perils of Rosella","PC"
"Syndrome","PC"
"Wasteland 2: Director's Cut","PC"
"NiGHTS into Dreams...","PC"
"Akalabeth: World of Doom","PC"
"Breath of Death VII: The Beginning","PC"
"The Beast Inside","PC"
"NecroVisioN: Lost Company","PC"
"Quake","PC"
"Rocky Planet","PC"
"Goodbye Deponia","PC"
"F.E.A.R. 2: Project Origin","PC"
"Far Cry 3","PC"
"LEGO® Batman™ 2: DC Super Heroes","PC"
"Spyro the Dragon","PC"
"SEUM: Speedrunners from Hell","PC"
"Ravenloft: Strahd's Possession","PC"
"The Blind Prophet","PC"
"Fallout 2","PC"
"BFF or Die","PC"
"The Metronomicon","PC"
"Tokyo Xanadu eX+","PC"
"Kingdom Hearts III","PC"
"Call of Juarez: Bound In Blood","PC"
"Spellforce Platinum","PC"
"John:Condemned","PC"
"Army Men RTS","PC"
"Serious Sam II","PC"
"Reus","PC"
"Geometry Wars: Retro Evolved","PC"
"Salt & Sanctuary","PC"
"The Chronicles of Myrtana: Archolos","PC"
"Ys 2","PC"
"Devil May Cry 3","PC"
"The Last Birdling","PC"
"The Textorcist: The Story of Ray Bibbia","PC"
"Divinity: Original Sin Enhanced Edition","PC"
"Before I Forget","PC"
"Saints Row IV","PC"
"Simon the Sorceror","PC"
"Pathway","PC"
"Little Big Adventure 2","PC"
"SiN: Gold","PC"
"OneShift","PC"
"Middle-earth™: Shadow of War™","PC"
"Titanic: Adventure Out of Time","PC"
"Eagle Island","PC"
"Harvestella","PC"
"King's Bounty: Armored Princess","PC"
"Tropico 6","PC"
"Keep in Mind","PC"
"SEGA Mega Drive & Genesis Classics","PC"
"Raiden Legacy","PC"
"AER: Memories of Old","PC"
"Shenmue 3","PC"
"Black Book","PC"
"Genesis Alpha One","PC"
"Half-Life: Counter Strike","PC"
"Simon the Sorceror II: The Lion, The Wizard, and the Wardrobe","PC"
"Astebreed: Definitive Edition","PC"
"Freespace 2","PC"
"Cyber Hook","PC"
"Rogue Heroes: Ruins of Tasos","PC"
"Torchlight II","PC"
"Cat Quest","PC"
"DOOM 3: BFG Edition","PC"
"Star Wolves 2","PC"
"Zombie Army Trilogy","PC"
"Need for Speed: Most Wanted","PC"
"Wilmot's Warhouse","PC"
"The Stillness of the Wind","PC"
"Call of Duty 4: Modern Warfare","PC"
"Dungeons 2: Complete Edition","PC"
"The Guild: Gold Edition","PC"
"Cris Tales","PC"
"Avernum 5","PC"
"Secret of the Silver Blades","PC"
"Geneforge III","PC"
"Shivers","PC"
"Chess Ultra","PC"
"Dragonshard","PC"
"Etherlords","PC"
"SanctuaryRPG: Black Edition","PC"
"Surf World Series","PC"
"Old School Music","PC"
"Samorost 2","PC"
"Unrailed","PC"
"Euro Fishing","PC"
"The Settlers III: Ultimate Collection","PC"
"Crysis","PC"
"Overruled!","PC"
"The You Testament 2D","PC"
"Tales of Monkey Island: Chapter 3- Lair of the Leviathan","PC"
"Unreal II: The Awakening","PC"
"Please Subscribe","PC"
"Pepper's Adventure in Time","PC"
"Nehrim: At Fate's Edge","PC"
"Lichdom: Battlemage","PC"
"Outlast","PC"
"Kill la Kill: IF","PC"
"Castlevania Anniversary Collection","PC"
"Half-Rats: Parasomnia","PC"
"Savage Lands","PC"
"Steredenn","PC"
"Capn Crunch's Crunchling Adventure","PC"
"Squidlit","PC"
"Rage Parking Simulator 2016","PC"
"Megadimension Neptunia VII","PC"
"Monster Monpiece","PC"
"Elite Dangerous","PC"
"Monster Prom","PC"
"FINAL FANTASY VII","PC"
"Munin","PC"
"Drakensang","PC"
"Shift Happens","PC"
"Mount & Blade","PC"
"The Golf Club 2™","PC"
"Forward to the Sky","PC"
"Velocity 2X","PC"
"Mystical","PC"
"Dishonered: Death of the Outsider","PC"
"Stasis","PC"
"Mega Man Legacy Collection","PC"
"Hyperdimension Neptunia Re;Birth1","PC"
"Wallace & Gromit: Ep. 3 - Muzzled!","PC"
"The Evil Within","PC"
"Project Winter","PC"
"Kingdom Come: Deliverance","PC"
"Sonic Mania","PC"
"Quest for Glory 5: Dragon Fire","PC"
"Call of Juarez: Gunslinger","PC"
"War Wind","PC"
"Table Manners","PC"
"2064: Read Only Memories","PC"
"Disciples: Sacred Lands Gold","PC"
"Sherlock Holmes: The Devil's Daughter","PC"
"Er-Spectro","PC"
"F.I.S.T.: Forged In Shadow Torch","PC"
"Armikrog","PC"
"Icewind Dale: Enhanced Edition","PC"
"Realms of Arkania: Blade of Destiny","PC"
"Shakes and Fidget","PC"
"Filament","PC"
"Pandemonium!","PC"
"Final Fantasy III","PC"
"Aven Colony","PC"
"King's Quest (New)","PC"
"Hue","PC"
"Persona 5 Strikers","PC"
"Haimrik","PC"
"Bombslinger","PC"
"Wasteland 1","PC"
"Life is Feudal: Your Own","PC"
"Nex Machina","PC"
"The King of Fighters XV","PC"
"GNOG","PC"
"Tropico 3","PC"
"Ultimate Marvel v. Capcom 3","PC"
"Dying Light 2: Stay Human","PC"
"Lorelai","PC"
"GoNNER","PC"
"Immortal Redneck","PC"
"House of 1000 Doors: Serpent Flame","PC"
"Myst: Masterpiece Edition","PC"
"Watch Dogs 2","PC"
"American Truck Simulator","PC"
"Act of Aggression","PC"
"Tales of Zesteria","PC"
"Wing Commander: Secret Ops","PC"
"The Complete Ultima VII","PC"
"Rayman Legends","PC"
"Heroes of Might and Magic 3: Complete","PC"
"Warhammer 40K: Inquisitor - Prophecy","PC"
"Spongebob Squarepants: Battle for Bikini Bottom REHYDRATED","PC"
"Sins of a Solar Empire: Rebellion","PC"
"Mana Spark","PC"
"Shining Resonance: Refrain","PC"
"Dreamfall: The Longest Journey","PC"
"Need for Speed: Hot Pursuit Remastered","PC"
"The Revenant Prince","PC"
"Code Vein","PC"
"Skullgirls","PC"
"Shadow Blade: Reload","PC"
"Starward Rogue","PC"
"The Longest Journey","PC"
"Stygian: Reign of the Old Gods","PC"
"Alt-Frequencies","PC"
"Sonic Adventure™ 2","PC"
"Half-Life 2: Year Long Alarm","PC"
"911 Operator","PC"
"Eador: Masters of the Broken World","PC"
"Vampyr","PC"
"Optica","PC"
"Eye of the Beholder","PC"
"BAFL: Brakes Are For Losers","PC"
"Overload","PC"
"Jagged Alliance 2 Classic","PC"
"Day of the Tentacle Remastered","PC"
"Mothergunship","PC"
"Betrayal at Krondor","PC"
"Utawarerumono: Mask of Truth","PC"
"Discworld","PC"
"Sable","PC"
"The Talos Principal","PC"
"Warcraft 2","PC"
"Caesar IV","PC"
"Moving Out","PC"
"Paper Beast: Folded Edition","PC"
"Secret of Mana","PC"
"Deliver Us Mars","PC"
"System Shock 2","PC"
"Ghost Master","PC"
"Dead Space 3","PC"
"DiRT Showdown","PC"
"Sunless Sea","PC"
"Deus Ex: Mankind Divided™","PC"
"Deadpool","PC"
"Dark Devotion","PC"
"Knights of Pen and Paper +1","PC"
"Valheim","PC"
"Flatout: Ultimate Carnage","PC"
"S.T.A.L.K.E.R.: Call of Pripyat","PC"
"Agony UNRATED","PC"
"Syberia","PC"
"Crazy Machines 3","PC"
"The Surge","PC"
"Cyberpunk 2077","PC"
"Geneforge II","PC"
"Faeria","PC"
"Reventure","PC"
"The Fabled Woods","PC"
"The Signal From Tölva","PC"
"Nightmares from the Deep 3: Davy Jones","PC"
"Redout: Enhanced Edition","PC"
"Quest for Glory 3: Wages of War","PC"
"Kathy Rain","PC"
"Arma 3","PC"
"Holy Potatoes! A Weapon Shop?!","PC"
"LEGO® WORLDS","PC"
"Vostok Inc.","PC"
"Cosmic Star Heroine","PC"
"SKYHILL","PC"
"Save Jesus","PC"
"Rayman 2: The Great Escape","PC"
"SaGa Frontier Remastered","PC"
"99 Vidas","PC"
"Call of Cthulhu: Shadow of the Comet","PC"
"Gabriel Knight 2: The Beast Within","PC"
"Shattered: Tale of the Forgotten King","PC"
"Silver Knight","PC"
"Car Mechanic Simulator 2018","PC"
"Lethis: Path of Progress","PC"
"Where in Europe is Carmen Sandiego","PC"
"Two Worlds II","PC"
"Dynasty Warriors 8: Empires","PC"
"Duskers","PC"
"Marooners","PC"
"Brawlhalla","PC"
"Edge of Eternity","PC"
"Nioh: Complete Edition","PC"
"RollerCoaster Tycoon 3","PC"
"Warhammer 40K: Dawn of War - Soulstorm","PC"
"Eye of the Beholder II: The Legend of Darkmoon","PC"
"Liberated","PC"
"Republique","PC"
"Ys VI: The Ark of Napishtim","PC"
"Morbid: The Seven Acolytes","PC"
"System Shock","PC"
"Half-Life: C.A.G.E.D.","PC"
"Last Word","PC"
"The Last Blade 2","PC"
"Sudeki","PC"
"Spyro: Year of the Dragon","PC"
"FINAL FANTASY XIII-2","PC"
"Ashwalkers: A Survival Journey","PC"
"Kingdom Rush","PC"
"Ori and the Blind Forest: Definitive Edition","PC"
"Jurassic World: Evolution","PC"
"Final Fantasy VI","PC"
"Reverse Crawl","PC"
"Dink Smallwood","PC"
"Shenmue 1 & 2","PC"
"American Fugitive","PC"
"Sea of Thieves","PC"
"Blood Knights","PC"
"Lust for Darkness","PC"
"Neptunia X Senran Kagura: NINJA WARS","PC"
"Super Cloudbuilt","PC"
"Arma 1","PC"
"Belladonna","PC"
"Silverfall: Complete","PC"
"Midnight Mysteries: The Edgar Allan Poe Conspiracy","PC"
"Batman: Arkham Origins","PC"
"The Unfinished Swan","PC"
"Costume Quest","PC"
"Apocalipsis","PC"
"Stargunner","PC"
"Sid Meier's Civilization IV: Colonization","PC"
"RAGE 2","PC"
"Psychonauts","PC"
"Mega Man Legends","PC"
"Gateway to the Savage Frontier","PC"
"Secret Files: Sam Peters","PC"
"Atelier Meruru: The Apprentice of Arland DX","PC"
"Tropico 5","PC"
"Rise of the Triad: Dark War","PC"
"Ys: The Oath in Felghana","PC"
"The Legend of Heroes: Trails of Cold Steel","PC"
"FlatOut 2","PC"
"Wing Commander V: Prophecy","PC"
"Binary Domain","PC"
"InnerSpace","PC"
"THOTH","PC"
"Alien Rampage","PC"
"The Secret of Monkey Island Special Edition","PC"
"Jet Set Radio","PC"
"Space Channel 5: Part 2","PC"
"Second Extinction","PC"
"Lobotomy Corporation","PC"
"Samurai Shodown 2","PC"
"Quadrata","PC"
"Diablo","PC"
"Game Dev Tycoon","PC"
"WORMS","PC"
"Evoland Legendary Edition","PC"
"Heroes of Might and Magic II: Gold","PC"
"Grand Theft Auto V","PC"
"Batman: Arkham Knight","PC"
"Yoku's Island Express","PC"
"Blackguards","PC"
"Echoes of Aetheria","PC"
"Castle of no Escape 2","PC"
"GemCraft - Chasing Shadows","PC"
"AI War 2","PC"
"King of Dragon Pass","PC"
"Clive Barker's Undying","PC"
"The Darkside Detective","PC"
"Doki Doki Literature Club","PC"
"FATE","PC"
"Fallstreak","PC"
"WRC 8 FIA World Rally Championship","PC"
"Hitman: Codename 47","PC"
"Clustertruck","PC"
"S.T.A.L.K.E.R.: Shadow of Chernobyl","PC"
"Street Fighter V","PC"
"Lost in Harmony","PC"
"DiRT 3 Complete Edition","PC"
"Guild of Ascension","PC"
"Max Payne","PC"
"Press X to Not Die","PC"
"Tools Up!","PC"
"Gex","PC"
"Disturbed","PC"
"Last Heroes 2","PC"
"Left 4 Dead 2","PC"
"Warcraft 3 The Frozen Throne","PC"
"Panzer Paladin","PC"
"The Vanishing of Ethan Carter","PC"
"Dear Esther","PC"
"Overlord II","PC"
"Sid Meier's Civilization VI","PC"
"Phantom Brave","PC"
"Black Moon Chronicles","PC"
"Re-Legion","PC"
"Pumped BMX Pro","PC"
"X-Blades","PC"
"The Surge 2","PC"
"Sludge Life","PC"
"Control: Ultimate Edition","PC"
"Ys 1","PC"
"Devil May Cry 5","PC"
"Anima Gate of Memories","PC"
"The Dark Crystal: Age of Resistance Tactics","PC"
"Outlaws + A Handful of Missions","PC"
"Alone in the Dark 2","PC"
"Hitman 2: Silent Assassin","PC"
"Killer is Dead","PC"
"Ultima Underworld: The Stygian Abyss","PC"
"Dynasty Warriors 7: Xtreme Legends","PC"
"Ultimate Fishing Simulator","PC"
"Clouds & Sheep 2","PC"
"Dragon's Dogma: Dark Arisen","PC"
"Men of War: Assault Squad","PC"
"Might and Magic VIII: Day of the Destroyer","PC"
"Men of War: Vietnam","PC"
"The Feeble Files","PC"
"Police Quest IV: Open Season","PC"
"Eraser","PC"
"Close to the Sun","PC"
"Guacamelee","PC"
"Kingdom: New Lands","PC"
"The Infectious Madness of Doctor Dekker","PC"
"Hitman Absolution","PC"
"Honkai: Star Rail","PC"
"ToeJam and Earl: Back in the Groove","PC"
"Devil May Cry 2","PC"
"WWE 2K19","PC"
"Oddworld: Abe's Oddysee","PC"
"Leaves: The Journey","PC"
"Tex Murphy: Mean Streets","PC"
"Stranded Deep","PC"
"Storm of Spears","PC"
"Shadowrun: Dragonfall Directors Cut","PC"
"Desert Child","PC"
"Wrestling Empire","PC"
"Might and Magic Book 1: The Secret of the Inner Sanctum","PC"
"Half-Life","PC"
"Lucid Cycle","PC"
"Labyronia RPG","PC"
"Voyage: Journey to the Moon","PC"
"Alien Breed 2: Assault","PC"
"Turok 2: Seeds of Evil","PC"
"Shuyan Saga","PC"
"Chroma Squad","PC"
"100% Orange Juice","PC"
"Magic Carpet 2","PC"
"Dishonored: Definitive Edition","PC"
"Into the Breach","PC"
"Costume Quest 2","PC"
"Disco Elysium: The Final Cut","PC"
"The I of The Dragon","PC"
"Commandos: Beyond the Call of Duty","PC"
"The Technomancer","PC"
"King of the Monsters","PC"
"Eisenwald: Blood of November","PC"
"Yono and the Celestial Elephants","PC"
".hack//G.U. Last Recode","PC"
"Realms of Chaos","PC"
"Tales of the Black Forest","PC"
"The King of Fighters '97 Global Match","PC"
"Ancient Enemy","PC"
"Dungeon Keeper Gold","PC"
"Paradise","PC"
"Resident Evil 3","PC"
"THe Forest Quartet","PC"
"Predecessor","PC"
"Strata","PC"
"Laserlife","PC"
"Septerra Core: Legacy of the Creator","PC"
"Venetica","PC"
"Disciples III Reincarnation","PC"
"Space Overlords","PC"
"Enigmatis: The Ghost of Maple Creek","PC"
"Dracula 2: The Last Sanctuary","PC"
"Sword of Aragon","PC"
"Demon's Winter","PC"
"Gothic 2","PC"
"Deponia Doomsday","PC"
"Blasphemous","PC"
"The Kings Bird","PC"
"Snowrunner","PC"
"Hostage: Rescue Mission","PC"
"Wing Commander IV: The Price of Freedom","PC"
"Double Kick Heroes","PC"
"Q.U.B.E. 10th Anniversary Edition","PC"
"Lightmatter","PC"
"Everything","PC"
"pankapu","PC"
"Game Dev Studio","PC"
"Daemonsgate","PC"
"Pool of Radiance","PC"
"Lure of the Temptress","PC"
"Darksiders 2","PC"
"Seven: The Days Gone Long Enhanced Edition","PC"
"GRID 2","PC"
"Marvel's Guardians of the Galaxy","PC"
"Celeste","PC"
"Corsairs Gold","PC"
"The Spatials","PC"
"BioShock","PC"
"Nox","PC"
"Total War: Warhammer II","PC"
"Saya No Uta: The Song of Saya","PC"
"Far Cry 2","PC"
"Blazing Star","PC"
"Crime Cities","PC"
"Crazy Taxi","PC"
"The Escapist 2","PC"
"Broken Sword 4: The Angel of Death","PC"
"Painkiller: Black Edition","PC"
"Journey","PC"
"Space Quest II: Vohaul's Revenge","PC"
"Dragon's Dogma 2","PC"
"House Flipper 2","PC"
"WWE 2K24","PC"
"The Talos Principle 2","PC"
"The Forgotten City","PC"
"Kena: Bridge of Spirits","PC"
"Super Mega Baseball 4","PC"
"The Sims 4","PC"
"Blood Omen: Legacy of Kain","PC"
"The Council","PC"
"Dracula: Love Kills","PC"
"Dracula Origin","PC"
"Evil Islands","PC"
"Fallout Tactics","PC"
"Hitman: World of Assassination","PC"
"Kao the Kangaroo: Mystery of the Volcano","PC"
"Outwars","PC"
"Sherlock Holmes: Nemesis - Remastered","PC"
"Sherlock Holmes: Secret of the Silver Earring","PC"
"Shelock Holmes: The Awakened - Remastered","PC"
"Sid Meier's Alpha Centauri","PC"
"Space Colony HD","PC"
"The Testament of Sherlock Holmes","PC"
"Unepic","PC"
"Lego Star Wars III: The Clone Wars","PC"
"Mail Time","PC"
"Pumpkin Jack","PC"
"Chorvs","PC"
"Valfaris: Mecha Therion","PC"
"Super Crazy Rhythm Castle","PC"
"Uurnog UUrnlimited","PC"
"Garfield: Lasagna Party","PC"
"Crash Time III","PC"
"Recounter","PC"
"Sniper Ghost Warrior: Contracts","PC"
"Moonstone Island","PC"
"Kingdom New Lands","PC"
"Kingdom","PC"
"Sun Haven","PC"
"Enshrouded","PC"
"Deep Rock Galactic","PC"
"Minami Lane","PC"
"Muv-Luv","PC"
"Nitroplus Blasterz: Heroines Infinite Duel","PC"
"POOLS","PC"
"SuchArt!","PC"
"Turnip Boy Robs A Bank","PC"
"BlazBlue: Chronophantasma Extend","PC"
"Echoes of Plum Grove","PC"
"Dave the Diver","PC"
"Sugar Shack","PC"
"Diner Bros","PC"
"Attack of the Mutant Penguins","PC"
"Cafe Owner Simulator","PC"
"12 Is Better Than 6","PC"
"1954 Alcatraz","PC"
"7 Days to Die","PC"
"Andro Dunos 2","PC"
"Ashina: The Red Witch","PC"
"Barrow Hill","PC"
"Eiyuden Chronicles: Hundred Heroes","PC"
"We Love Katamari Reroll+ Royal Reverie","PC"
"Elex II","PC"
"Tony Hawk's Pro Skater 1+2","PC"
"Call of Duty: Black Ops - Cold War","PC"
"Call of Duty WWII","PC"
"Call of Duty: Modern Warfare Remastered","PC"
"Call of Duty: Black Ops III","PC"
"Call of Duty: Infinite Warfare","PC"
"Call of Duty: Black Ops II","PC"
"Call of Duty: Black Ops","PC"
"Call of Duty: Advanced Warfare","PC"
"Call of Duty: World at War","PC"
"Quilts & Cats of Calico","PC"
"DUNE: Imperium","PC"
"Everdell","PC"
"Terraforming Mars","PC"
"Munchkin","PC"
"Wingspan","PC"
"Sagrada","PC"
"Scythe","PC"
"ROOT","PC"
"Warhammer 40k: Rogue Trader","PC"
"Hi-Fi Rush","PC"
"Buckshot Roulette","PC"
"Tales from the Borderlands","PC"
"New Tales From the Borderlands","PC"
"Fields of Mistria","PC"
"Kynseed","PC"
"Grocery Store Simulator","PC"
"Mafia Definitive Edition","PC"
"Mafia II: Definitive Edition","PC"
"Tiny Tina's Wonderlands","PC"
"Mortal Kombat 1","PC"
"Black Myth Wukong","PC"
"BallisticNG","PC"
"Din's Curse","PC"
"King's Bounty: Dark Side","PC"
"King's Bounty: Warriors of the North","PC"
"S.T.A.L.K.E.R.: Shadow of Chernobyl","PC"
"S.T.A.L.K.E.R.: Call of Pripyat","PC"
"S.T.A.L.K.E.R.: Clear Sky","PC"
"Sherlock Holmes and the Hound of Baskervilles","PC"
"Sherlock Holmes: Crimes and Punishments","PC"
"The Divine Invasion","PC"
"Young Souls","PC"
"Figment 2: Creed Valley","PC"
"The Collage Atlas","PC"
"Whispering Secrets: Everburning Candle","PC"
"Minabo: A Walk Through Life","PC"
"LEGO Indiana Jones: The Original Adventures","PC"
"Beholder 3","PC"
"Kraken Academy!!","PC"
"Gravity Circut","PC"
"Masterplan Tycoon","PC"
"Youtubers Life 2","PC"
"Samurai Bringer","PC"
"Heaven Dust 2","PC"
"Wall World","PC"
"Everdream Valley","PC"
"Projection: First Light","PC"
"The Invisible Hand","PC"
"Genesis Noir","PC"
"Spirits of Mystery: Whisper of the Past","PC"
"Dark City: International Intrigue","PC"
"Living Legends: Fallen Sky","PC"
"Vlad Circus: Descend Into Madness","PC"
"Drawn: Trail of Shadows","PC"
"Bus Simulator 21: Next Stop","PC"
"Through the Darkest of Times","PC"
"Bridge to Another World: Secrets of the Nutcracker","PC"
"Faraway 2: Jungle Escape","PC"
"Mystery Case Files: Moths to a Flame","PC"
"Scarf","PC"
"Tempest 4000","PC"
"Apico","PC"
"SeaORama: World of Shipping","PC"
"Endling: Extinction is Forever","PC"
"A Tiny Sticker Tale","PC"
"Akka Arrh","PC"
"Aground","PC"
"Orten was the Case","PC"
"Evan's Remains","PC"
"Super Adventure Hand","PC"
"Q.U.B.E.: Directors Cut","PC"
" Behind the Frame","PC"
"The Dungeons of Naheulbeuk: The Amulet of Chaos","PC"
"Grunnd","PC"
"Shotgun King: The Final Checkmate","PC"
"Absolute Tactics: Daughters of Mercy","PC"
"Dexter Stardust: Adventures in Outer Space","PC"
"Star Wars: The Force Unleashed","PC"
"Star Wars: The Force Unleashed II","PC"
"Foretales","PC"
"Driftland: The Magic Revival","PC"
"Blade Assault","PC"
"Nairi: Tower of Shirin","PC"
"Wytchwood","PC"
"The Super Spy","PC"
"Top Hunter: Roddy & Cathy","PC"
"Shovel Knight Showdown","PC"
"Revita","PC"
"Sengoku 2","PC"
"Mutation Nation","PC"
"Soccer Brawl","PC"
"Over Top","PC"
"Autonauts","PC"
"King of the Monsters 2","PC"
"Kizuna Encounter: Super Tag Battle","PC"
"Agatha Knife","PC"
"Grime: Definitive Edition","PC"
"Sengoku","PC"
"Robo Army","PC"
"Alpha Mission 2","PC"
"Ninja Masters","PC"
"Magician Lord","PC"
"Metal Slug 4","PC"
"The Almost Gone","PC"
"Terraformers","PC"
"Super Sidekicks","PC"
"Samurai Shodown IV: Amakusa's Revenge","PC"
"Star Wars: Rogue Squadron","PC"
"Last Resort","PC"
"Lake","PC"
"Kardboard Kings","PC"
"3 Count Bout","PC"
"Ghost Pilots","PC"
"Crossed Swords","PC"
"Ninja Commando","PC"
"Art of Fighting 3: The Path of the Warrior","PC"
"I Am Fish","PC"
"Faraway 3: Arctic Escape","PC"
"Peaky Blinders: Mastermind","PC"
"One Hand Clapping","PC"
"BATS: Bloodsucker Anti-Terror Squad","PC"
"Space Warlord Organ Trading Simulator","PC"
"Space Crew: Legendary Edition","PC"
"Ariel Knight's Never Yield","PC"
"Onsen Master","PC"
"Chicken Police: Paint It RED!","PC"
"Metal Slug X","PC"
"Metal Slug","PC"
"The King of Fighters 2003","PC"
"Real Bout Fatal Fury 2: The Newcomers","PC"
"The Last Blade","PC"
"Twinkle Star Sprites","PC"
"Banners of Ruin","PC"
"The Amazing American Circus","PC"
"DOORS: Paradox","PC"
"Last Day of June","PC"
"WRC 9","PC"
"Hero's Hour","PC"
"LOOM","PC"
"Horace","PC"
"We, The Revolution","PC"
"DIG","PC"
"Defend the Rook","PC"
"Castle on the Coast","PC"
"Rune Factory 5","PC"
"Russian Fishing 4","PC"
"Two Point Campus","PC"
"Limbus Company","PC"
"Needy Streamer Overload","PC"
"Marathon","PC"
"Marathon 2","PC"
"Marathon Infinity","PC"
"Guild Wars 2","PC"
"The Horror of Salazar House","PC"
"Impossamole","PC"
"The Immortal","PC"
"Izmir: An Independence Simulator","PC"
"Jane Angel: Templar Mystery","PC"
"Judgement","PC"
"Last Seen Online","PC"
"A Musical Story","PC"
"The Next Penelope: Race to Odysseus","PC"
"Ninja Kiwi Archive","PC"
"On Rusty Trails","PC"
"Once Human","PC"
"O.D.T. Escape... Or Die Trying","PC"
"The Oil Blue","PC"
"Omen Exitio: Plague","PC"
"Outward: Definitive Edition","PC"
"Persona 3","PC"
"Plunder Panic","PC"
"PlateUp!","PC"
"Power Punch II","PC"
"Red Bow","PC"
"Remnants: Naezith","PC"
"Resident Evil VIII","PC"
"Search Party","PC"
"Strange Brigade","PC"
"Stone Protectors","PC"
"Super Catboy","PC"
"Super Bernie World","PC"
"Tower of Fantasy","PC"
"Total War: Three Kingdoms","PC"
"STASIS: Bone Totem","PC"
"Death's Door","PC"
"Witch It","PC"
"Priest Simulator: Vampire Show","PC"
"Ghostbusters: Spirits Unleashed","PC"
"Outliver: Tribulation","PC"
"Empyrion: Galactic Survival","PC"
"The Eternal Cylinder","PC"
"No Straight Roads","PC"
"Bear and Breakfast","PC"
"Arcadegeddon","PC"
"The Spirit and the Mouse","PC"
"The Last Stand: Aftermath","PC"
"TOEM","PC"
"Rugrats: Adventures in Gameland","PC"
"KeyWe","PC"
"Eternights","PC"
"Wild Card Football","PC"
"Gigantic: Rampage Edition","PC"
"The Callisto Protocol","PC"
"Trek to Yomi","PC"
"Death's Gambit: Afterlife","PC"
"CYGNI: All Guns Blazing","PC"
"Lumbearjack","PC"
"Arcade Paradise","PC"
"Maid of Sker","PC"
"Teenage Mutant Ninja Turtles: Shredder's Revenge","PC"
"Zenless Zone Zero","PC"
"Sunless Skies: Sovereign Edition","PC"
"Mythforce","PC"
"Decive Inc","PC"
"Freshly Frosted","PC"
"Redout 2","PC"
"Marvel's Midnight Suns","PC"
"Weird West: Definitive Edition","PC"
"Wuthering Waves","PC"
"Farming Simulator 22","PC"
"Electrician Simulator","PC"
"Circus Electrique","PC"
"Orcs Must Die! 3","PC"
"Cat Quest II","PC"
"LISA: The Painful","PC"
"LISA: The Joyful","PC"
"INDUSTRIA","PC"
"Town of Salem 2","PC"
"The Big Con","PC"
"Chivalry 2","PC"
"Thief","PC"
"Islets","PC"
"Invincible Presents: Atom Eve","PC"
"The Bridge","PC"
"Atari Mania","PC"
"Infinifactory","PC"
"LOVE","PC"
"Sail Forth","PC"
"Escape Academy","PC"
"Ready or Not","PC"
"Metaphor: ReFantazio","PC"
"Pathfinder: Wrath of the Righteous","PC"
"Guild Wars","PC"
"Vendir: Plague of Lies","PC"
"Skater XL","PC"
"Assassin's Creed III Remastered","PC"
"Assassin's Creed: Unity","PC"
"Battlefield 1","PC"
"Siralim Ultimate","PC"
"Humankind","PC"
"To The Rescue","PC"
"Are You Smarter Than A 5th Grader","PC"
"Zombie Army 4 Dead War","PC"
"Super Meat Boy Forever","PC"
"Undying","PC"
"Behind the Frame: The Finest Scenery","PC"
"SkyDrift Infinity","PC"
"Eastern Exorcist","PC"
"Hell Let Loose","PC"
"Sifu","PC"
"[Redacted]","PC"
"Ghost Runner 2","PC"
"Predator Hunting Grounds","PC"
"Dark and Darker","PC"
"Terratech","PC"
"The Lord of the Rings: Return to Moria","PC"
"Necromunda: Hired Gun","PC"
"Infinity Nikki","PC"
"Brotato","PC"
"House of Golf 2","PC"
"Super Meat Boy","PC"
"Chasm: The Rift","PC"
"Celtic Kings: Rage of War","PC"
"Blast Brigade vs. the Evil Legion of Dr. Cread","PC"
"Blade of Darkness","PC"
"Bastard","PC"
"Empire Earth II","PC"
"En Garde!","PC"
"Haegemonia: Legions of Iron","PC"
"Hard West II","PC"
"Ghost Song","PC"
"Inferno: Beyond the 7th Circle","PC"
"Jazz Jackrabbit Collection","PC"
"Jazz Jackrabbit 2: The Secret Files","PC"
"Konung III: Ties of Destiny","PC"
"Master of Orion","PC"
"Master of Orion II","PC"
"Master of Orion III","PC"
"Medal of Honor: Allied Assault War Chest","PC"
"Midnight Fight Express","PC"
"Moonscars","PC"
"Moonstone: A Hard Days Knight","PC"
"Neo Scavenger","PC"
"Nox Archaist","PC"
"Outwars","PC"
"Rage of Mages","PC"
"Rage of Mages II: Necrodancer","PC"
"Realms of the Haunting","PC"
"ReVolt","PC"
"Scorn","PC"
"Seal of Evil","PC"
"Sherlock Holmes: The Awakened","PC"
"Sir Whoopass","PC"
"Space Hulk: Deathwing","PC"
"Spells & Secrets","PC"
"Spelunky","PC"
"Starship Titanic","PC"
"Steamworld Heist","PC"
"Stranglehold","PC"
"Stray Gods: The Roleplaying Musical","PC"
"Street Racing Syndicate","PC"
"Tigershark","PC"
"Warhammer: Mark of Chaos - Gold Edition","PC"
"Xanadu Next","PC"
"X-COM: Apocalypse","PC"
"X-Com: UFO Defense","PC"
"Spitlings","PC"
"Spiritmancer","PC"
"Simulakros","PC"
"Redrawn: The Painted Tower - Collector's Edition","PC"
"Warhammer 40k: Dawn of War II","PC"
"Disney Pixar's WALL-E","PC"
"Warhammer 40K: Space Marine","PC"
"Mystery Case Files: The Dalimar Legacy - CE","PC"
"Ms. Holmes: The Case of the Dancing Men - CE","PC"
"Disney Pixar's Cars","PC"
"Zombies Ate My Neighbors and Ghoul Patrol","PC"
"Haunted Hotel: Personal Nightmare - CE","PC"
"Gargoyles Remastered","PC"
"The Gap","PC"
"Dreadout","PC"
"Ynglet","PC"
"Mystery Case Files: Black Crown - CE","PC"
"Golfie","PC"
"Young Souls","PC"
"Whispered Secrets: Everburning Candle - CE","PC"
